scode,bcode,bcode2,desc
0000023,000013,,"#2305 Traditional Walking Stick 36"" 古典型拐杖              "
CH0001,025715678566,025715678566,#67856 Safety Shield Tablet Cutter切藥器
CH0002,025715710914,025715710914,#71091-EZY DOSE 藥丸磨連藥盒(文化村）
0000024,000014,,#7374C-Folding Frame Standard 可摺疊式助行架
0001010,,,#7375C-Folding Frame Standard-可摺疊式助行架
0000021,000011,,#7711C-Adj Support Sticks Swan Neck 鋁裝拐杖
0001009,,,#7712C-Adj Support Sticks Swan Neck 鋁裝拐杖
0000029,000018,,#HA0720 (10626) Long Handle Shoe Horn 穿鞋器
CH0020,4987603357303,,（新）日本喜舒樂成人紙尿褲(薄裝)大碼(30片/包)
0000013,679090500020,,"10""x15""                                                     "
32240375,,,100%有機人參鬚
32150773,,,100%有機加州甜杏仁 (無烘焙)
32120226,4712511470796,,100%有機砂糖簡單生活
32150087,4712511470529,,100％有機紅棗
LCL254,4712067894725,,100%純黑芝麻粉
0000027,000017,,10160C-Bathboard with Handle 浴室板有扶手
0000026,000016,,10208BZEuropean Style Reachers-Bronze 拾物器
DRINK001,,,10元飲品
0001003,9314839000916,,13mm膠腳(灰色)(主要四腳叉用)
WH00253,,,13mm膠腳套
0001004,9314839000917,,16mm膠腳(灰色)(主要四腳叉用)
0001005,9314839000918,,19mm膠腳
0001105,4891690000606,,19mm膠腳
0000276,000204,,"20""座闊, 20""座高, 16""座深, 18.2Kg重, 載重120Kg              "
ABC0010,679090100022,,"3"" x 16""                                                    "
ABC0011,679090300026,,4.5 X 10.5
DRINK005,,,5元飲品
0000012,679090400023,,"6"" x 10""                                                    "
ABC0014,679090600027,,"6"" x 6""                                                     "
SUN05,,,6支裝即飲果醋（青梅）
SUN03,,,6支裝即飲果醋（葡萄）
SUN04,4710783055079,,6支裝即飲果醋（蘋果）
AD1020,,,A&D1020血壓計
WH2015,8805178112287,,ACE BAND藥水膠布
CH01040342,MSVP2011,MSVP2011,Aidap可摺式拐杖
JSM996LH,,,ALLWAY有輪助行車
AW-869LJ-43,,,ALLWAY自助輪椅
7000010,9556001125481,,ALLWAY靠背浴椅
ASCENSIA10,,,ASCENSIA血糖套裝(1機+1紙+1針)
ASCENSIA11,,,ASCENSIA血糖套裝(1機+2紙)
ASCENSIA01,5016003765308,5016003765308,ASCENSIA血糖紙50's
ASCENSIA02,5016003657900,5016003657900,ASCENSIA血糖針100's
ASCENSIA03,5016003761805,7618-1028168,ASCENSIA血糖機
679090310018,679090310018,,Back & Ribs Therapy Wrap 冷熱貼 (背部及腹部使用)
ABC0003,000003,,Back & Ribs Therapy Wrap 冷熱貼 (背部及腹部使用)
0000193,000140,,Bauerfeind 腳趾矯止器  右  # 2
0000192,000139,,Bauerfeind 腳趾矯止器  右 # 1
0000190,000137,,Bauerfeind 腳趾矯止器  左  #1
0000191,000138,,Bauerfeind腳趾矯止器  左 # 2
O000004,,,BD MICO-FINE NEEDLES 0.25MM
BD005MM,,,bd micro-fine pen needles
BD-30,,,BD胰島素針咀
M00018,,,BENEPROTEIN蛋白粉
BT01,,,betadine antiseptic ointment 100
BET01,,,BETADINE油膏劑
GBF3025,8850987351372,,Bissin威化餅(可可)
GBF3023,8850987351396,,Bissin威化餅(咖啡)
GBF3022,8850987362002,,Bissin威化餅(藍莓)
01030325,,,Bm22-45s-m輕量型輪椅
0000240,000180,,Bort # 137030貼 Texline Hallux-Pad (大碼)
0000241,000181,,Bort # 137030貼 Texline Hallux-Pad (細碼)
RT4005,RT4005,4005862044625,Bort137040 PEDI SOFT TEXLINE
RT4007,RT4007,PD000000849,Bort腳趾護套#137030 Pedi Soft Texline Hallux-Pad（L)
RT4006,RT4006,PD000000848,Bort腳趾護套#137030 Pedi Soft Texline Hallux-Pad（S)
KF001,642243914043,,CanBest有機燕麥片（10小包）
CH0004,4963008000198,,"CM019-膠片放大鏡3""x6""(放大3.5倍)                            "
0001106,4891690000607,,Comefree CF-714多功能磁波
RT00039,RT00039,RT-PD000000039,Comefree CF-841 護具系列（護腕）
RT00042,RT00042,,Comefree CF-843 護具系統（護肘）L
RT00041,RT00041,,Comefree CF-843 護具系統（護肘）M
RT00043,RT00043,,Comefree CF-843 護具系統（護肘）XL
RT0000045,RT0000045,,Comefree CF-843 護具系統（護膝）S
RT0000046,RT0000046,,Comefree CF-843護具系列（護膝）L
RT0000044,RT0000044,2010100111843,Comefree CF-843護具系列（護膝）M
RT0000047,RT0000047,,Comefree CF-843護具系列（護膝）XL
NP636,742137870636,,COMFY NEXK CUSHION
AT10,9334988000600,9334988000600,Docpods Ultra Soft M
AT09,9334988000594,9334988000594,Docpods Ultra Soft S
AT08,9334988000242,9334988000242,Docpods Ultra Soft XS
JSM006,,,Dressing Set-JSM
PEN002,,,ECO PEN (highlight)
ECO001,,,Ecosure far infrared neck support pillow枕頭
EC03,,,Ecosure健康枕頭
EC01,,,Ecosure健康鞋墊
EC02,,,Ecosure健康頸枕
EC04,,,Ecosure護膝
O000001,,,Elite血糖測試紙
ELITE01,,,elite血糖試紙
ORDER20130401,5016003394607,,ELITE血糖試紙
ME5116,7503011914821,,enature有機咖啡粉
ME5121,,,Enature有機原味即溶咖啡
RT0000005,RT0000005,,EV807T電療止痛機
RT0000004,RT0000004,PD000000093,Everyway TENS E-704 電療止痛機
IC3001,IC3001,,EXERCISE BAND 6呎練力帶（紅色）
IC3002,IC3002,,EXERCISE BAND 6呎練力帶（綠色）
TS1003,,,Extra Virgin Coconut Oil207
PRINCE-100N,,,FINGERTIP PULSE OXIMETER
FS-915L,,,FOLDABLE WALKER
0000128,000087,,Folding Seat Cane 拐杖椅(灰色)
CH0000131,5609,,Folding up drinking cup with pill box
MS-PB128,,,Folding up drinking cup with pill box
AT07,9334988000303,9334988000303,footpillow 鞋墊
NP4028,4895184104028,,FORCE PILLOW MAT
IC1002,8858830210036,8858830210036,GAYA泰國草本熱敷包-肩膊
IC1003,8858830210050,8858830210050,GAYA泰國草本熱敷包-眼罩
IC1001,8858830210043,8858830210043,GAYA泰國草本熱敷包-腰肚
0000210,000156,,Gilofa 2000 靜脈曲張高壓力襪  (中碼)
0000209,000155,,Gilofa 2000 靜脈曲張高壓力襪 (大碼)
0000211,000157,,Gilofa 2000 靜脈曲張高壓力襪 (細碼)
0001021,4018839039708,,Gilofa 2000 靜脈曲張襪-三骨(中碼)
TX3100,8856977002651,,Good Fitt' 發芽米全穀脆果條- 低糖
GRE-012A,8858358008290,8858358008290,GREENDAY 天然洋蔥片
GRE-010,8858358007958,8858358007958,GREENDAY 天然紅菜頭片
GRE-008,8858358002014,8858358002014,GREENDAY 天然雜果片
GRE-007,8858358005022,8858358005022,GREENDAY 秋葵條
LCLGT01,,,GREENTEA
DB954-HS03,,,Haemstix圓插刺針 30G
3800025,4711769860328,4711769860328,HANNOX多功能探熱器
GBF-TX3050,8856977002378,,heabtii果仁及乾果脆條-盒裝
679090410015,679090410015,,Head & Neck Therapy Wrap 冷熱貼 (頭及頸部使用)
ABC0004,000004,,Head & Neck Therapy Wrap 冷熱貼 (頭及頸部使用)
GBF-TX3060,8856977002675,,HEARTII黑芝麻多轂脆條-盒裝
70001,9556001125482,,HEINZ APPLE
HESTIA01,8697439055729,8697439055729,HESTIA純正橄欖油
CH0003,4897012640807,,High Tea文化麵-煙斗粉500g (24包/箱)
HEM-NS-MC-510,4975479524912,NS-MC-5101,Infrared thermometer額溫型紅外線體溫計
IBN06,4897007278930,4897007278930,INP加拿大花旗參片
4711140810737,4711140810737,4711140810737,INSTANT BIRD'S NEST (PROMOT)
ABC0015,679090220027,,Instant Cold Pain Relief Pack
M1002,PD000000062,,ISOCAL愛素寶 237ml（24罐/箱）
M0020,100501150,,ISOSOURCE健源素1.5CAL
JJ0100,4030841004017,,JJ DELICA LANCET採血針 100S
JJ0091,4030841005717,,JJ SELECT PLUS血糖紙50s
JSL0002,6901180970586,,JSL朱古力芝麻薄脆
TEAM-JIA003,6901180980684,,JSL抹茶香薄脆餅
TEAM-JIA001,6901180970487,,JSL芝麻香薄脆
6901180953282,,,JSL芝麻脆餅禮盒
TEAM-JIA004,6901180964080,,JSL草莓果醬餅乾
TEAM-008,,,JSL餅乾禮盒
TEAM-JIA005,6901180964189,,JSL鳳梨夾心餅
6901180953688,,,JSL蔥油脆餅
SUN3984,,,JSL藍莓夾心餅
TEAM-JIA006,6901180963984,,JSL藍莓果醬餅乾
TEAM-JIA008,6901180937985,,JSL雜錦禮盒
0000245,000184,,JSP Nano Vibrational pad (大)
MS0003,000090,,"King's Cane八角型手杖, 古桐色"
MS0005,000092,,"King's Cane八角型手杖, 黑色"
MS0004,000091,,"King's Cane八角型手杖, 藍色"
0000143,000101,,"King's Cane電子智能手杖, 電筒及聲響 - 古桐色 (不包電池)"
0000144,000102,,"King's Cane電子智能手杖, 電筒及聲響 - 藍色 (不包電池)"
0000144N,000102N,,"King's Cane電子智能手杖, 電筒及聲響 - 藍色 (不包電池)(N)"
JSM-4388,,,Latex Powered
0000188,000135,,Listra 3/4墊 (細碼)
0000188N,000135N,,Listra 3/4墊 (細碼)(N)
RT00002,RT00002,000131,Listra Heel Cup 足跟墊 (L)
RT00001,,,Listra Heel Cup足跟墊 (M)
0000181,,,Listra(M)
RT000000011,RT000000011,000133,Listra3/4墊 (L)
RT000000012,000134,RT0000187,Listra3/4墊 (M)
RT000000004,RT-00004,RT0004,Listra全墊 (L)
RT000000003,RT0000181,000128,Listra全墊 (M)
RT000000005,RT0002,RT00003,Listra全墊 (s)
RT000000001,RT000000001,000126,Listra全墊 (XL)
RT000000006,RT000000006,0000183,Listra全墊 (XS)
0000185N,000132N,,Listra足眼墊 (中碼)(N)
IC3003,6951376126075,6951376126075,Liveup 足/手腕 練力沙包
GBF-TM2088,8851876010301,,MAMY米長通粉
GBF-TM2086,8851876010318,,MAMY米螺絲粉
GBF-TM2092,8851876001378,8851876001378,MAMY快食河粉
GBF-TM2068,8851876003136,,MAMY快食粉絲
GBF-TM2082,8851876000258,8851876000142,MAMY快食糙米粉
0000037,4897008631543,,MEDICOM 濕紙巾  64'S      ( 230mmx330mm)
O000003,,,MEDISENSE Optium 50
0000002,000002,,Medium Universal Therapy Wrap 多用途冷熱貼(中細)
0000196,000142,,MIA 護腳部 # 1010 Toe Spreader
0000197,000143,,MIA 護腳部 # 1020 Toe Separator
0000198,000144,,MIA 護腳部 # 1030 Bunion Shield
0000199,000145,,MIA 護腳部 # 1040 Toe Cushion
0000200,000146,,MIA 護腳部 # 1050 Forefoot Cushion
0001025,,,MIA前掌墊 (特別柔軟)
4719003310530,4719003310530,,Microlife-BPA200 Blood Pressure Monitor 瑞士Microlife血壓計
ECO-3003,,,Microlife血壓計
IC2001,4719003310219,4719003310219,Microlife血壓計BP3AQ1
0000006,000006,,"Muliti-Purpose Therapy Gel Pack Box  4.5"" x 10.5"" with cover"
ABC00020,679090120020,,"Muliti-Purpose Therapy Gel Pack Box  4.5"" x 10.5"" with cover"
ABC0005,000005,,Multi-Purpose Therapy Wrap 多用途冷熱貼
0000009,679090230026,,Neck Rest (Large) 頸圈 (大)
0000008,000008,,Neck Rest (Regular) 頸圈
0000260,000192,,NEW日本內褲型防漏邊尿片
0000262,000193,,NEW日本內褲型防漏邊尿片
WH0002,4904585029370,,NEW日本內褲型防漏邊尿片L
WH0003,4904585029363,,NEW日本內褲型防漏邊尿片M
O000002,,,NOVOFINE筆針咀8mm
NP643,742137870643,,NP COMFY EYE REFRESHER
NP667,742137870667,,NP FLEXPOW FOOT COMFORTER
A0000104,000072,0000104,NRS英國穿襪器
0001026,4018839398867,,OFA AD 壓力襪-三骨 肉色 (中碼)
0000206,000152,,"OFA AD 壓力襪三骨 黑色 (中碼) COLSE"" 2""                     "
0000208,000154,,OFA AD 壓力襪四骨 黑色 (大碼) (280丹)
0000207,000153,,OFA AD 壓力襪四骨 黑色 (中碼) (280丹)
OFARM591,,,OFARM泰國有機香糙米1kg
OFARM2008,4719859745098,,OFARM純黑芝麻
OFARM0082,4897014722150,,OFARM純黑芝麻粉
NS-HEM-7051,4975479511424,4975479511424,OMRON歐姆龍手臂式血壓計7051
NS-MC-246,4975479527227,4975479527227,OMRON歐姆龍簡易探熱器
0000084,000056,,One-Touch電動開罐器 (特別版)
LCL1001,,,organic coconut oil
OFARM200801,,,ORGANNIC MIXED RICE
JJ02135601,4030841213563,,OTULTRAEASY血糖測試機（贈品）
RT00523,RT00523,,Pals 896 230 Gel Pand Oval(4X6cm) 4pcs
0000195,000141,,Pals Gel-Pad (4x6 cm)細?喱貼
PIC068771000,8058664017423,8058664017423,PIC Cream foot care diaetes
0000266,1011080003,,PIC One Check 手臂式電子血壓計
WH-0000269,000197,,PIC 胰島素注射筆針頭 (6mm)
PIC022620000,8003670916857,8003670916857,PIC 胰島素注射筆針頭 32G(4mm)
PIC229840000,,8003670108191,PIC 胰島素注射筆針頭31G (8mm)
PIC229830000,8003670765738,8003670765738,PIC 胰島素注射筆針頭32G (6mm)
PIC8003670863922,8003670863922,,PIC 胰島素注射筆針頭32G (8mm)
PIC990200209,1011312752,22000003092578,PIC 胰島素注射筆針頭32G Sample (4mm)
PIC990200009,22000003083514,1001512736,PIC 胰島素注射筆針頭32G Sample (6mm)
PIC990200109,22000003083521,1011512736,PIC 胰島素注射筆針頭32G Sample (8mm)
PIC022640000,8003670916871,8003670916871,PIC 胰島素注射筆針頭33G (4mm)
PIC990200309,22000003103656,1031511753,PIC 胰島素注射筆針頭33G Sample (4mm)
8003670913825,8003670913825,,PIC胰島素注射筆針頭G31x5mm(100s/box)
8003670072034,8003670072034,,PIC胰島素注射筆針頭G31x8mm(100s/box)
4895184103991,4895184103991,,QILLION ARTHRITIS WRAP
RT000000583,RT000000583,RT0000239,R & R  Decubitus Ulcer Cushion
RT0000211,RT0000211,RT00000582,R&R SU-8402 Air Rest Back Cushion座墊
00582,4710970380717,PD000000582,R&R SU-8402 Air Rest Back Cusion
0001024,,,R&R 冷熱肩墊敷 (SP-7207B) ( 42 X 36.6 CM)
RT0000212,RT0000212,4710970380625,R&R 冷熱肩墊敷 (SP-7207B) Cold/Hot Compress Pack( 42 X 36.5
0000212,4710970380014,,R&R 冷熱墊敷 (SP-7200)
0001022,,,R&R 冷熱墊敷 (SP-7200)
0001023,,,R&R 冷熱墊敷 (SP-7201) (28 X 12 CM)
RT0000213,RT0000213,4710970380021,R&R 冷熱墊敷 (SP-7201) Cold/Hot Pack(28 X 11 CM)
0000214,000160,,R&R 冷熱墊敷 (SP-7203) (32.5 X 18 CM)
RT0101,RT0101,,R&R冷熱肩28X11cm
000166XL,,,Robust (RB-1842) 加大碼
RT00021,RT00021,PD000000059,Robust RB-1714 多功能磁波健美帶 (M)
RT00020,RT00020,PD000000060,Robust RB-1714 多功能磁波健美帶 (大碼)
RT00019,RT00019,PD000000061,Robust RB-1714 多功能磁波健美帶 (加大碼)
0000238,000179,,Robust RB-1714 多功能磁波健美帶 (細碼)
RT00017L,RT00017L,000173,Robust RB-1845 遠紅外線背姿矯正帶 (大碼)
RT00016,RT00016,000174,Robust RB-1845 遠紅外線背姿矯正帶 (中碼)
RT00018,RT00018,000176,Robust RB-1845 遠紅外線背姿矯正帶 (加大碼)
RT00017,RT00017,000175,Robust RB-1845 遠紅外線背姿矯正帶 (細碼)
RT0000222,RT0000222,0000222,Robust 護肘  (RB-1842) 加大碼
00000165,,,Robust 護肘 (RB-1842) 大碼
RT0000220,RT0000220,0000220,Robust 護肘 (RB-1842) 大碼
RT000166,RT000166,000166,Robust 護肘 (RB-1842) 中碼
RT0000219,RT0000219,0000219,Robust 護腕 (RB-1841)
RT00011,RT00011,000168,Robust 護膝  (RB-1842) 大碼
RT00009,RT00009,000169,Robust 護膝  (RB-1842) 中碼
0000226,2010100111845,,Robust 護膝  (RB-1842) 細碼
RT00010,RT00010,000167,Robust 護膝 (RB-1843) 加大碼
RT00013,RT00013,000170,Robust 護踝 (RB-1844) 大碼
RT00014,RT00014,000171,Robust 護踝 (RB-1844) 中碼
RT00012,RT00012,2010100111844,Robust 護踝 (RB-1844) 加大碼
RT00015,RT00015,000172,Robust 護踝 (RB-1844) 細碼
RT-201612,RT-201612,,ROCK TRADExl
SS-RUO2E,7132894300546,,ROU02E長者八達通手錶-鋼
SS-RUO03E,7132894301154,,RUO03E長者八達通手錶-sparking silver
PIC229940000,8003670850816,8003670850816,Sate Container For Sharps Box
7000040,9556001125491,,SHARP LCD TV
32055665,4712967081355,,Shrimp Cracker蝦餅
SP-I-90840,4710958596710,,SILICON 矽膠3/4 鞋墊L
MC-SP-I-90840,4710958596741,4710958596741,SILICON 矽膠全墊39-40
0000165,4710958596680,,SILICON足跟墊（大）
SHC6666,4710958596666,,Silicon足跟墊S
NP900,,,Sleeping Mat
0000001,000001,,Small Universal Therapy Wrap 多用途冷熱貼(細)
CH2140145,,,SMartSilver指式脈搏血氧儀
RT31239,RT31239,4897020031239,Soft Collar
8005305900576,8005305900576,,Sole-初榨橄欖油500ml
SS02E,7573473308568,,SS長者八達通手錶-間玫瑰金
SS01E,7573473308636,,SS長者八達通手錶-鋼（L）
SS04E,7573473307400,,SS長者八達通手錶-鋼（L）
SS01EN,7132894301086,,SS長者八達通手錶-鋼Classic
SS03E,7573473307714,,SS長者八達通手錶-鋼MOP
RT-000000575,RT-000000575,000148,Takale 遠紅外線熱墊
0000202N,000148N,,Takale 遠紅外線熱墊(N)
846112000155,846112000155,,Tartufi Nacci 黑松露醬180g
846112000151,846112000151,,Tartufi Nacci白松露牛油80g
S9000,9556001125494,,TASTER
AT01,4008576300148,4008576300148,Titiania&Puma腳磨石
AT03,4008576316873,4008576316873,titiania指甲鉗
AT05,4008576330435,4008576330435,Titiania腳部潤膚膏250ML(5346)
AT02,4008576030250,4008576030250,TITIANIA腳部護理套裝
AT06,4008576530903,4008576530903,Titiania腳跟龜裂膏(5309)
AT04,4008576053303,4008576053303,"Titiania鞋部噴霧200ML, 5330"
0001018,9314839000912,,T-型可折疊拐杖
M0012,9556001125493,,UPEC Ultracal
JM-HE-1067,,,U型沐浴椅
RT00007,RT00007,000162,Verta fit Air Back Cusion 護背吹氣墊
TH-Y212VE,,,VIRJOY 紙巾*10
VIRJOY01,,,VIRJOY四卷裝萬用抹手紙
PIC068773000,8058664017447,8058664017447,Wash Foot Care Diabetes
RT000000731,RT000000731,9314839000935,WOLKE 7 Full Insole 全墊 (M)
RT000000737,RT000000737,,Wolke 7 Full Insole 全墊 (XL)
RT000000732,RT000000732,000136,Wolke 7 Full Insole 全墊（L)
RT000000734,RT000000734,,Wolke 7 Full Insole 全墊（S)
RT000000733,RT000000733,,Wolke 7 Full Insole 全墊（XS）
0001501,9314839000936,,Wolke 7 Full Insole全墊(XL)
QM0678,8997009510123,8997009510123,YOUC1000維他命水（香橙）500ml
QM0677,8997009510116,8997009510116,YOUC1000維他命水（檸檬）500ml
QM1002,8997009510055,8997009510055,YOUC1000維他命飲品（香橙）140ml
QM0999,8997009510017,8997009510017,YOUC1000維他命飲品（檸檬）140ml
QK9978,8997009510130,8997009510130,YOUC1000維他命飲品（蘋果）140ml
IPN05,,,一口花菇300g
32990546,4710774010902,,一口酥
CH009,,,一級幫厚型尿褲M-L
2013070101,,,七一回歸福袋
ID-MB001,MB001,,七天二十八格掀蓋式藥盒
ID-MB002,MB002,,七天二十八格彈出式藥盒
0000166,000117,,七日藥盒(一排裝)
32180091,4710696930999,,人蔘蜜棗茶
WH-HUM002A,,,人體工學腰墊
MS0003A,KC0816,,八角型環保手杖 什色
SS-AK02C,,,八達通表AK02C
SS-AK03C,,,八達通表AK03C
SS-TF01C,,,八達通表FR01C
SS-KT02C,,,八達通表KT02C
SS-TF03C,,,八達通表TF03C
4710783052184,4710783052184,,十全有機味增
4710783088725,4710783088725,,十全米醋240ml
TEAM04,,,十全即飲果醋140ml（青梅）24包/箱
TEAM02,,,十全即飲果醋140ml（葡萄）24包/箱
TEAM03,,,十全即飲果醋140ml（蜜桃）24包/箱
TEAM05,,,十全即飲果醋140ml（鳳梨）24包/箱
TEAM01,,,十全即飲果醋140ml（蘋果）24包/箱
4710783063074,4710783063074,,十全豆豉香魚辣椒110g
4710783063043,4710783063043,,十全金鉤朝天辣椒110g
NSF106,4710883102444,,十全紅菊腐乳
4710783088824,4710783088824,,十全烏醋240ml
NSF117,,,十全高粱醋
4710783066624,4710783066624,,十全-陳年醋600ml
4710783066419,4710783066419,,十全-黑芝麻油
4710783063128,4710783063128,,十全蒜蓉朝天辣椒
4710783088497,4710783088497,,十全辣豆瓣130g
4710783066112,,,十全辣椒油100ml
NSF105,,,十全辣椒油500ml
4710783088480,4710783088480,,十全辣椒醬130g
TEAM-TAI112,4717011471946,,卜立有機紅藜麥面240g
TEAM-TAI085,4717011470246,,卜立紅豆水16包入
8000001,9556001125483,,三吋雙人連鐵架床(愛心咭代訂)
4713282763209,4713282763209,,三色堅果（袋裝）
4713282763148,4713282763148,,三色提子乾（袋裝）
M0101,4710498993307,4710498993307,三花柏齡（800g）
M0016,4710498993314,,三花柏齡1.7L
M0004,9556001125477,,三花柏齡1.8kg
TEAM-SNL084,4713072172822,,三星蔥鮮蛋卷
0000036,4010038,,三層口罩（50個/盒）
ID-FM001,4560369411405,4560369411405,三層外科口罩50pcs/Box
ID-FM001-1,FM001-1,,三層外科口罩50psc/box(獨立包裝）
LCL0033,4711601950217,,三機有機大燕麥片
3800026,6816603,6816603,凡士林
0000087,000058,,口罩 (一盒 50 個? )
32054446,4712967081898,,土芒果青鮮果乾
4712417850036,4712417850036,,土芭樂茶
4713327001716,4713327001716,,土芭樂茶
9101,9556001125504,,士的掛鉤
0000272,000200,,"大四爪拐杖 , 可詷較高度"
4710883104288,4710883104288,4710883104288,大同牌干貝醬（優惠裝）
NSF120,,,大同辣椒醬
4710883102741,,,大同蔭油膏(素蠔油）
35010043,,,大地采護髮粉(紅褐)#1
35010050,,,大地采護髮粉(棕咖啡)#2
35010036,,,大地采護髮粉(黑咖啡)#3
0000140,000098,,大紅紋
4712834114339,4712834114339,,大馬士革玫瑰花綠茶
0000007,000007,,"大幅冷熱貼 ( 10"" x 15"")                                     "
RT13954,RT13954,4716073813954,小地雷足部按摩器
LCL0016,,,小紅梅粉
32191622,4711601970758,,小麥胚芽（鈺統）500g
OFARM1711,,,小麥胚芽餅
GREENSPARK-02,,,小麥餐具三件套
32040937,4712052015104,,小麻酥
GHSE1121,4891690000620,,小碳包
GW-0001,,,小蘇打
NK005,6927255479921,,山里友壓縮黑木耳（25克X10盒）
LCL0009,4711601980078,,山藥紅薏仁粉
LCL6583,4712067896583,4712067896583,山藥精華
4713327124088,4713327124088,,山藥養生燕麥粉
4710960911082,4710960911082,4710960911082,山藥薏仁粉（12小包）
4710960761083,4710960761083,4710960761083,山藥薏仁粉（獨立小包）
OFARM-1051,4897014722310,,山藥薏仁粉400g
RICE,,,中興米（禮品裝）
JSM-ABAM2,5703538759499,5703538759499,丹麥高級成人尿片
32020212,4710175567159,,五木銀絲麵
43398111147,433311147,,五谷米
32053098,4711202223772,4711202223772,五穀雜糧瑪仔
4710871000899,4710871000899,4710871000899,五轂米（1.2kg）
LCL0032A,4711601148218,4711601148218,什錦大燕麥
SOUP01,,,仁愛堂環保肥皂（三色）
32180947,4711574557949,,元豆有機黑豆漿
RT00023,RT00023,000183,元氣小滾輪按摩器
4712834112441,,,六味青草海燕窩
ML05,4719860580015,4719860580015,天星牌花卉種子
ML04,4719860580039,4719860580039,天星牌香草種子
32190519,,,天然GABA佳葉龍茶 - 無農葯栽培
0001114,4891690000613,,天然小紅莓
LCL00021,,,天然小麥草
LCL0021,,,天然小麥草
32240528,4710336105725,,天然加味四物料
32181050,4710336104315,,天然甘蔗汁 320ml
0001120,4891690000619,,天然皮蛋
4713720001795,4713720001795,,天然皮蛋
NK004,6925843403679,,天然有機醬油
NICE-RT015,7296077000187,,天然死海礦物浴鹽
35010661,,,天然沐浴乳
4713282760628,4713282760628,,天然亞麻仁籽
32054958,4710425201505,,天然洋芋卷
35020226,,,天然洗衣皂
GT9068,8858358009068,8858358009068,天然秋葵乾
32181579,,,天然紅石榴西梅汁
32181340,,,天然紅石榴車厘子汁
32181357,,,天然紅石榴藍莓汁
OFARM941,,,天然原焗美國杏仁（無鹽）
OFARM931,,,天然原焗腰果
0001111,4891690000610,,天然海鹽
OFARM072,4897014722235,,天然純杏仁粉400g
32181210,,,天然純紅石榴汁
OFARM1761,4897014727353,,天然高鈣多轂燕麥奶800g
OFARM1611,4897014725434,,天然高鈣高纖燕麥奶800g
32060645,4712511473513,,天然超大葡萄乾(無籽)
32080018,,,天然黃豆
32191295,,,天然黃金穀粉
LCL0014,4711601111151,4711601111151,天然黑麥片
32180244,4002631992002,,天然黑麥汁
32060706,,,天然黑櫻桃乾
32240382,4712511473544,,天然補氣茶
LCL905,4719778005129,4719778005143,天然酵母野菜餅
32060638,,,天然蔓越莓乾
32180077,,,天然養生露
LCL0015,,,天然燕麥麩粒
34040010,,,天然檜木精油
NICE-RT014,7296077010353,,天然礦物修護手霜
T-A006,4897047950018,,天然蘆薈牙膏
WH00026,4897002233675,,天然蘆薈柔濕紙
T-A005,4897047950025,,天然蘆薈凝膠
32140200,,,天然蘿蔔乾 - 無農葯栽培
0001100,4891690000602,,太陽能手電筒
0000046,000026,,心之花露水100ml（薰衣草）
GW005,,,心型皂
0001094,356201202100271,356201202381723,心意手機
32990478,4712688793797,,手工米旦卷禮盒咖啡味
32990485,4712688793803,,手工米旦卷禮盒芝麻味
CH02030044,4897012641101,,文化村全自動手臂式電子血壓計
0000020,4897012640814,,文化村長通粉  500g
CH0016,4897012641064,,文化村指式脈搏血氧儀
CH01030120,,,文化村輕便手推輪椅
CH05120047,4897012640760,,文化面-意粉500g
32191318,,,文旦柚茶
32052633,4711202223123,,文旦柚酥 (5件)
GIFT201701,,,文具套裝（1尺+1擦膠+1得意水筆）
32040036,4710774010254,,方塊酥
32041606,4710774011039,,方塊酥（新包裝）
4712834112496,4712834112496,,日月潭紅茶小黑糖
CH01010147,4971633711754,,日本一級幫內褲型中碼（金裝）成人紙尿褲（10片）
CH0012,4971633711259,,日本一級幫內褲型成人紙尿褲(金裝)大碼(16片/包)
CH0011,4971633712461,4971633712461,日本一級幫內褲型成人紙尿褲(金裝)中碼(18片/包)
CH0012U,4971633711266,,日本一級幫內褲型成人紙尿褲(金裝獨立包-贈品)大碼
CH0011U,4971633711242,,日本一級幫內褲型成人紙尿褲(金裝獨立包-贈品)中碼
CH0010,4971633711297,,日本一級幫內褲型成人紙尿褲(薄型)大碼(14片/包)
CH0009,4971633711273,,日本一級幫內褲型成人紙尿褲(薄型)中碼(16片/包)
0001014U,,,日本一級幫內褲型成人紙尿褲(薄型獨立包)中碼
CH0010U,4971633711303,,日本一級幫內褲型成人紙尿褲(薄型獨立包-贈品)大碼
0000105,000073,,日本保達紙尿褲--中碼
0000106,000074,,日本保達紙尿褲--細碼
CH0019,4987603354876,4987603354876,日本喜舒樂成人紙尿褲(厚裝)-中碼
97A,,,日本喜舒樂成人紙尿褲-大碼
CH10198,4987603354975,,日本喜舒樂成人紙尿褲-大碼
CH0019A,,,日本喜舒樂成人紙尿褲-中碼
35020219,,,水晶肥皂食器洗滌液体
35020172,,,水晶肥皂粉體
35020202,,,水晶肥皂液體
35020295,,,水晶肥皂液體補充包
4712834113523,4712834113523,,水蜜桃鳳梨茶
GBF5021,8850987369087,,牛油曲奇餅
CORN01,024000163022,,牛油粟米
4711402033065,4711402033065,,牛軋糖250g
LCL0041,4719865061748,,牛蒡片
32053197,4712839980618,,牛蒡原片 100g
4713327001723,4713327001723,,牛蒡茶
4712679010087,4712679010087,,牛蒡茶450g
LCL0005,4711601111199,4711601111199,牛蒡粥
4712417850241,4712417850241,,牛蒡黑豆茶（無糖）
32056075,4710626197416,,仙草凍340g
32052770,4712967083069,,仙草軟糖
4710960918180,4710960918180,,仙草龜苓膏
32240696,,,以倫天然桑椹原汁(無糖) - 無農葯栽培
32240863,4710945891217,,以倫有機桑椹原汁
T-H002,,,冬蜜
TX3218,TX3218,,冬蔭功糙米條
TX3319,8856977220086,8856977220086,冬蔭功糙米條
OBUSFORME,,,加拿大OBUS FORME高背墊
PACK201709,,,包裝費
32170092,,,北海道昆布
WH0005,000202,,古銅色四爪拐杖可詷高低
0000018,000010,,可切藥丸盒
FHW-T17-18,,,可拆背細轆輪椅
600001,9314839000937,,"可摺助行架雙扣""5"" (W62CMXH78-96CM)                          "
LCL0011,,,台灣山藥粉
LCL0017,,,台灣肉醬
32051667,,,台灣芒果乾
4713327255942,4713327255942,4713327255942,台灣阿里山有機黑木耳-150g
JML-V2,,,台灣氣墊床褥
4710812632417,4710812632417,,台灣破壁花粉125g
4710821632417,4710821632417,,台灣破壁蜂花粉 - 125g
SUN0002,4710783055086,,台灣排裝果醋（青梅）
SUN0001,4710783055048,,台灣排裝果醋（蜜桃）
SUN0003,4710783055123,,台灣排裝果醋（鳳梨）
OFARM2000,4719859741946,,台灣極品洛神烏梅飲
4710587312460,4710587312460,,台灣蜂王漿酵素 - 750ml
4710821632400,4710821632400,,台灣蜂王漿膠囊 (50粒)
4710587312477,4710587312477,,台灣蜂花粉酵素 - 750ml
TEAM-YIC009,4713327318432,4713327318432,台灣銀川有機白米1.2kg
TEAM-YIC010,4713327318449,4713327318449,台灣銀川有機糙米1.2kg
4710883100020,4710883100020,,四川豆豉380g
4710883100075,,,四川豆瓣醬
4710883100082,,,四川豆瓣醬
MS0015,,,四爪拐杖
0000273,000201,,"四爪拐杖  ,可詷較高度  ,內闊 (5""X4"")                        "
4712834112489,4712834112489,,四物小黑糖
0001019,9314839000913,,四腳拐杖
0000103,000071,,"失禁床墊 (丹麥ABENA 附18""護翼, 藍色)                        "
LCL0050,9555118749422,,奶鹽梳打餅
32054347,4711601139254,,巧克力米酥
32040951,4710531201086,,巧克力夾心酥
32052381,4716715000056,,布田芝麻糖
32052398,4716715000018,,布田花生糖
CHQ8040,000029,,布藝炭包 ( 250 克 )
BETADINE02,4897046660277,4897046660277,必妥碘冰涼消毒漱口水
BETADINE03,5291043000996,5291043000996,必妥碘消毒燙火膏
BETADINE01,4897046660161,4897046660161,必妥碘傷口殺菌液
PSY0001,4892309000050,,正冬蜜  (1000gm)
0000172,000122,,正冬蜜  (500gm)
SEIL024,GFL1010,,永升手腕式血壓計
35020059,,,永昇圃洗衣粉
4713398680018,4713398680018,4713398680018,玉米牛奶燕麥早餐（試食裝）
LCL0006,,,玉米湯
4713435206867,4713435206867,,生機蘇打餅（CHIA SEED）
4713435206935,4713435206935,,生機蘇打餅（黑芝麻）
4713435206942,4713435206942,4713435206942,生機蘇打餅（黑椒岩鹽）
32150872,,,白木耳
INP06,,,白貝木耳絲
32070019,,,白芝麻粒
32110203,4710425200034,,白芝麻醬
0001042,,,白金竹炭珍珠蜂膠牙膏
CHQ8048,4712764390735,,白金竹炭珍珠蜂膠牙膏
0001043,,,白金竹炭珍珠蜂膠洗髮精
CHQ0000053,4715597991186,,白金竹炭珍珠蜂膠洗髮精
0001041,,,白金竹炭蜂蜜珍珠皂
CHQ8049,4714076041459,,白金竹炭蜂蜜珍珠皂
4710372950679,4710372950679,,白話梅肉
ECO108,4897040130639,,皮革亮潔布
QV-11603,,,皮得露（1L)
9314839000034,9314839000034,,皮得露(200ml)
QV-011603,9314839000072,,皮得露1L
QV-011602,9314839000058,9314839000058,皮得露500ML
0000123,9314839001079,,皮得露沐浴油 200ml
0000122,000082,,皮得露浴露 500ml
0000124,000083,,皮得露浴露1000ml
QV-011719,9314839001451,9314839010415,皮膚露 Q.V.Skin Lotion 1L
QV-011715,9314839000904,9314839010392,皮膚露 Q.V.Skin Lotion 250mL
QV-011718,9314839010408,9314839010408,皮膚露500ml
0000203,000149,,石春鞋 (大碼)
RT00005,RT00005,000150,石春鞋 (中碼)
0000205,000151,,石春鞋 (細碼)
JML01,,,"休閒座椅（18"")                                              "
ECO103,4897040130196,,全天然活性碳包（大）-500g
ECO101,4897040130226,,全天然活性碳包（小）-150g
ECO102,4897040131216,,全天然活性碳包（中）-350g
ECO104,4897040130202,,全天然活性碳包（鞋用）
OFBC14FG,,,全矽膠胃喉
0000139,,,全黑手杖
4713282762158,4713282762158,,全穀物經典餐
OFARM791,4897014722860,4897014722860,冰原有機即溶大燕麥片
OFARM811,4897014722884,,冰原有機黑麥片500g
OFARM1653,4719859746958,,冰湖野米十穀米
ICE003,,,冰菠蘿
WINE02,,,合金紅酒開瓶器
32041347,4711202224656,,吉福小餅
GREENSPARK-01,,,回歸活動紀念廣告帽
CHQ8061,000028,,多功能竹炭包(2包/組)
0001039,,,多功能竹炭包(3包/組)
35020066,,,多功能橘油清潔劑
0000061,000037,,多用途竹炭片8片
0001049,,,多用途竹炭片9片
32054255,4710425202915,4710425202915,好麥起士薄燒
4897035940014,4897035940014,,安士滴血糖針
4897035940120,4897035940120,4897035940120,安士滴血糖針
CAR005,4897016856457,,安心寶成人（無香味）濕紙巾80片
CAR002,4897016856914,,安心寶-至尊裝成人尿片（10片*10包）-大碼
CAR001,4897016856907,,安心寶-至尊裝成人尿片（10片*12包）
CAR003,4897016852725,,"安心寶床墊60*90,10片"
CAR004,4897016850660,,安心寶藍色三層口罩-獨立裝
0000102,000070,,"安而康床墊紙 36"" X 24"" (10張/包)                            "
M0102,9415007005452,9415007005452,安怡長青（850g）
M0015,9415007005469,,安怡長青1.9kg
AKP001,9556001125480,,安康寶成人片心E006
AYK001,4891694405068,,安爾康10片（M)
0000035,000023,,安燕家燕麥800g (12包/箱)
MS0008,000105,,"扣鈕器及拉鍊輔助器, 黑色"
BAG01,,,收費膠袋
FHS-08,,,曲柄灰頭銀身黑腳四
WH-FS-912L,,,有前碌助行架
GBF-TX3010,8856977007861,,有機15果糧香脆條
TX3088,8856977902210,,有機15果糧香脆條(展銷盒)
TX3068,8856977902347,,有機15果糧香脆條(單條)
TX3030,8856977007885,,有機15果糧香糧脆粒
TX3111,8856977002842,,有機15果糧脆脆粒
TX508A,8856977220017,,有機３色胚芽米片
TX1090,8856977002163,,有機3色發芽米糊
TX501A,8856977001784,,有機８穀片
32240559,,,有機人蔘紅棗茶
32140156,,,有機八寶粥
LCL0032,4711601950200,,有機十穀即食燕麥片
OFARM1203,4897014726936,,有機三色藜麥454g
OFARM-GW1530,4897014727681,,有機三色藜麥片250g
32240269,,,有機三葉草蜂蜜(1000g)
32240153,4897021313013,,有機三葉草蜂蜜(250g)
32240252,,,有機三葉草蜂蜜(500g)
32151077,4712511474602,,有機大黑棗 300g
32190557,4711601970949,,有機大燕麥片
32190281,,,有機五穀粉 - 有糖(家庭用)
32191790,,,有機五穀粉(10小包)
32240627,,,有機木瓜檸檬酵素
OFARM1091,4719859742189,,有機木耳膠原飲
TC1002,8859060300092,8859060300092,有機冬陰功（椰漿及泰國青檸檬）
0001110,4891690000609,,有機玄米片
32070699,4712511474749,,有機甘津
OFARM2019005,4897014722358,,有機甘栗仁
NSF01,4710799300125,4710799300125,有機白米米粉
32111057,,,有機白胡椒粉
32021356,4712060121255,,有機全麥面
32111033,,,有機肉桂粉
108027,720379501273,,有機西梅
NSF09,723153634327,723153634327,有機西梅汁
32100389,,,有機冷壓亞麻籽油
TX1030,8856977000077,,有機即沖朱古力8穀營養餐
TX1150,8856977100067,8856977100067,有機即沖朱古力8穀營養餐
TX1240,8856977100012,,有機即沖朱古力8穀營養餐
GBF-TX1310,8856977100128,8856977100128,有機即沖芝麻8穀營養餐
TX1130,8856977000985,,有機即沖芝麻8穀營養餐
TX1220,8856977100036,,有機即沖芝麻8穀營養餐
GBF-TX1320,8856977100050,8856977100050,有機即沖芝麻8穀營養餐(無糖)
TX1140,8856977000930,,有機即沖芝麻8穀營養餐(無糖)
TX1230,8856977100043,,有機即沖芝麻8穀營養餐(無糖)
TX1040,8856977000022,,有機即沖蕓呢那8穀營養餐
OFARM910,,,有機即食杞子
32191363,,,有機即食黑麥片
32191288,,,有機即食綜合穀麥片
OFARM-1370,4897014727049,,有機即溶苔麩片250g
108028-1,720379501181,,有機杏脯果乾
32191813,,,有機決明子茶
32182453,4711574558144,4711574558144,有機豆奶
LCL0025,000212,,有機豆奶粉
LCL00025A,,,有機豆奶粉（袋裝）
0001112,4891690000611,,有機豆瓣醬（大）
NK003,6921204802488,6921204802488,有機豆瓣醬（細）
111001-2,852697001484,,有機乳酪
32220070,,,有機亞麻仁子
GBF-TA6002,8857121775285,,有機初榨冷壓椰子油473ml
GBF-TA6003,,,有機初榨冷壓椰子油-710ml
GBF-TA6001,8857121775278,,有機初榨椰子油207ml
GBF-TA6000,8857121775261,8857121775261,有機初榨椰子油25ml
0000501,5400164120050,,有機咖啡
NSF108,089836187635,,有機咖喱
32183344,4711476001113,,有機奇亞籽桑椹飲
NSF109,7503021714572,,有機岩鹽
ME6026,,,有機果醬
TC5002,8859060300290,8859060300290,有機芝麻粒
32182361,4710336106944,,有機芭樂汁
T12,,,有機花生
NSF13,4891489222153,4891489222153,有機花生350g
32061284,4712511474855,4712511474855,有機金黃葡萄乾
32060676,,,有機青綠葡萄乾
TC2001,8859060300245,8859060300245,有機青檸粉
TH0060,8854843000138,,有機帝皇菜糙米面(special off)
32150094,,,有機枸杞子
32220056,,,有機洋薏仁
32240603,,,有機洛神龍珠果酵素
32054798,4710587524191,,有機活力米香捲
NSF16,4891489011184,,有機眉豆1lb
NK0001,6937313004880,,有機秋木耳（小盒）
32181562,,,有機紅石榴藍莓汁
32181586,,,有機紅石榴藍莓汁
NSF15,4891489222184,4891489222184,有機紅豆
NSF10,4897014722662,4897014722662,有機紅豆350g
32183689,4711574558380,,有機紅豆奶360ml/瓶
TC1001,8859060300061,8859060300061,有機紅咖喱（椰漿+甜羅勒）
WINE003,000215,,有機紅酒2002
WINE001,5400164100205,,有機紅酒2008
WINE002,5400164100212,,有機紅酒2009
32220032,,,有機紅薏仁
32140477,4710336106333,4710336106333,有機紅薏仁綠豆湯
NSF08,4891489000577,4891489000577,有機美國即沖麥片
OFARM082,4897014726363,,有機美國紫無花果乾
TX5130,8856977002057,,有機胚芽水果多穀早餐
TX5132,8856977002064,,有機胚芽朱古力多脆塊
TX5131,8856977002040,,有機胚芽朱古力多穀早餐
TX502A,8856977002019,,有機胚芽紅米穀片
TX503A,8856977002033,,有機胚芽糙米穀片
NSF110,7503021714589,,有機茄汁
2017O1,,,有機食品福袋O1
2017O2,,,有機食品福袋O2
2017O3,,,有機食品禮籃O3
TC2002,8859060300221,8859060300221,有機香茅粉
0001115,4891690000614,,有機香料
NSF107,089836186102,,有機香草
TX333C,8856977001883,,有機香菇胚芽米粥 (3包)
TX203A,8856977001982,,有機香菇胚芽米粥（試食裝）
TX2080,8856977200040,,有機香菇菠菜胚芽米粥
32120196,,,有機香醇黑糖
32150841,,,有機埃及豆(雪蓮子)
GBF-CM3260,6935953593627,6935953593627,有機姬松茸
32070071,,,有機核桃 (無烘焙)
32053081,4710940002199,,有機桑椹果粒凍
NK0006,,,有機海帶片
NK006,6942059601088,,有機海帶絲
32190526,,,有機烏龍茶
4713810112578,,,有機烏龍茶
32181371,,,有機純紅石榴汁
32181364,4860009001011,,有機純紅石榴汁 314ml
32181739,4713810112585,,有機茶佳葉龍茶 (無糖)
32181654,,,有機茶烏龍 (無糖)
111001,852697001477,,有機乾乳酪-草莓
PACK20170209,,,有機健康禮籃
32190366,,,有機梅精
108311,600760000410,,有機甜脆粟
35010272,,,有機荷荷芭油
TX202A,8856977001920,,有機速食野菜紅米粥
TX333B,8856977001821,,有機速食野菜紅米粥 (3包)
TX201A,8856977001975,,有機速食紫菜紅米粥
TX333A,8856977001876,,有機速食紫菜紅米粥 (3包)
32240122,,,有機麥蘆卡蜂蜜(1000g)
32240160,,,有機麥蘆卡蜂蜜(250g)
32240115,,,有機麥蘆卡蜂蜜(500g)
0001117,4891690000616,,有機提子乾
32183726,4711574558540,,有機無糖豆乳360ml
GBF-CM261,6935953593122,,有機猴頭菇
TX3090,8856977009919,,有機發芽米糊**香蕉及南瓜
TX3091,8856977009810,,有機發芽米糊**香蕉及菠菜
NSF17,4897031569950,,有機發芽黃豆
4897014723768,4897014723768,,有機發芽糙米1kg
LCL0046,,,有機發酵果汁（蘋果味，蜜桃味，紅梅味）
0002004,9314839000908,,有機粟米
TX333D,8856977001807,,有機粥- 3款合1
32140522,,,有機紫米八寶粥
32140552,4710336106678,,有機紫米八寶粥
LCL0028,000213,,有機紫菜
NK009,6932394805319,,有機紫菜60g
TX2040,8856977001777,,有機紫菜芝麻
32150735,,,有機菊花
0002001,9314839000906,,有機菜 2
0002002,9314839000907,,有機菜 3
0002007,,,有機菜（4等）
0002008,,,有機菜（5等）
0002005,,,有機菜（三等）
0002000,9314839000905,,有機菜1
SUN201602,,,有機菠蘿脆片
4713327255997,4713327255997,,有機雲耳玉露(低糖)
4713327256000,4713327256000,,有機雲耳玉露（低糖）
4713327255966,4713327255966,,有機雲耳玉露(原味 )
4713327255980,4713327255980,,有機雲耳玉露（原味）
TC5004,8859060300320,8859060300320,有機黃豆
NSF12,4897014722679,4897014722679,有機黃豆350g
32110135,,,有機黃豆薄鹽醬油
TC1003,8859060300115,8859060300115,有機黃咖喱（椰漿）
32150124,,,有機黃耆
NK007,6927255479846,,有機黑木耳
NSF14,4891489000386,4891489000386,有機黑米350g
LCL901,,,有機黑豆黑芝麻奶粉
32110142,,,有機黑豆醬油
TX5050,8856977003016,,有機黑芝麻
GBF-TX3020,8856977001845,,有機黑芝麻米糧香脆條
TX3040,8856977001852,,有機黑芝麻香脆粒
TX5060,8856977003009,,有機黑芝麻粉
TX1050,8856977001029,,有機黑芝麻糊
TX1060,8856977001098,,有機黑芝麻糊(加薑)
TX1010A,8856977000053,,有機黑芝麻糊（獨立包裝）
32111064,,,有機黑胡椒粉
NSF07,4891489000614,4891489000614,有機黑麥
32220100,,,有機黑麥仁
32181968,,,有機黑麥汁(悅心)
NSF11,4891489081033,4891489081033,有機黑糖1lb
NSF201610,,,有機黑糯米1kg
TA6011,,,有機椰子果醋240ml
104123,018787505014,,有機椰子油(斯里蘭卡)
TS1002,8857121775735,,有機椰子花蜜
32120349,4712511473568,,有機椰子花蜜糖
TA6023,,,有機椰子花糖
TA6018,,,有機椰子醬
ME6226,7503011915163,,有機椰奶粉（購買椰子油473ml，以$10換購）
ME6016,,,有機椰糖
32070088,,,有機腰果 (無烘焙)
32180190,,,有機葡萄柚汁
32070781,4712511474886,,有機蜂蜜杏仁腰果
32241174,4712511472592,,有機補氣茶
32191875,,,有機綜合果仁麥片
32070064,,,有機綜合堅果 (無烘焙)
32183009,4711574560147,4711574560147,有機綜合蔬果汁
32070095,,,有機綜合養生果仁
TC5005,8859060300276,8859060300276,有機綠豆
TX1070,8856977001166,,有機綠茶薏仁糊
GBF-CM3220,6935953593610,6935953593610,有機舞茸
32111040,,,有機辣椒粉
TC4001,8859060300498,8859060300498,有機辣椒醬200ml
NK0002,6954704602142,,有機銀耳（小盒）
32181234,,,有機鳳梨汁
32180213,,,有機鳳梨胡蘿蔔汁
4715862530492,,,有機鳳梨脆片
TH0150,8854843000503,8854843000503,有機熱情果醬220g
32150834,,,有機蓮子
32180251,,,有機蔬果汁
32182170,4711574560130,,有機蔬果汁 350mL
GBF-IT6310,8021115290225,,有機燒茄子蕃茄醬
32220117,,,有機燕麥仁
LCL0012,,,有機燕麥果麥片
LCL301,4711601135294,4711601135294,有機燕麥面（即沖）
32120066,,,有機糖蜜
32181975,,,有機蕃茄汁
32111156,,,有機蕃茄醬
LCL300,4711601135300,4711601135300,有機蕎麥面（換購品）
GBF-ME0108,7503021714213,7503021714213,有機龍舌蘭蜜660g
GBF-ME0106,7503023604079,,有機龍舌蘭蜜糖
TH0140,8854843000502,8854843000502,有機龍神花果醬22g
NSF06,4891489000942,4891489000942,有機糙米 1lb<新豐>
NSF201601,4897014722082,,有機糙米1kg（OFARM)
32052245,9555235990103,9555235990103,有機糙米小圈圈（巧克力）
GBF-TB1068,8858785400803,,有機糙米脆餅-奇異籽
GBF-TB1062,8858785400827,,有機糙米脆餅-海鹽香醋
GBF-TB1066,8858785400780,885878540078,有機糙米脆餅-黑米
GBF-TB1069,8858785400810,,有機糙米脆餅-綠茶海苔
GBF-TB1063,8858785400834,,有機糙米脆餅-酸忌廉韭菜
32041040,4715104270131,,有機糙米餅
32190069,,,有機糙米麩(無糖)
202010-3SX3,4897021311286,,有機糙米纖維粉3包裝
202010-3,9555487901087,,有機糙米纖維粉8包裝
TX1080,8856977100111,8856977100111,有機薏仁糊(無糖)
0002006,,,有機薑
2018O3,,,有機禮籃O3
32110111,,,有機醬油
GBF-ME2016,7503021714701,,有機藜麥300g
32240610,,,有機蘆薈百香果酵素
4715862530522,,,有機蘋果脆片
SUN201601,,,有機蘋果脆片
0000275,000203,,有轆可摺助行架 W44X H78-96CM
0000126,000085,,有鎖掣切藥丸器
0001128,9314839000923,,有鎖掣切藥丸器，透明綠
0000126N,000085N,,有鎖掣切藥丸器，透明藍(N)
FHS-02,,,灰頭銀身灰腳手杖
4710960912225,4710960912225,4710960912225,百合杏仁粉（16小包）
4710960762226,4710960762226,4710960762226,百合杏仁粉（獨立小包）
T-H003,,,百花蜜
0000173,000123,,百花蜜  (500gm)
32130324,4710383000097,,百香果醬
35020110,,,竹炭包
GW001,4891690000623,,竹炭包（中）
CHQ2012,000046,,竹炭包特惠裝 (四件套裝)
0000051,000030,,竹炭石鹼(3件裝)
CHQ0002,000032,,竹炭防滑坐墊
0001047,,,竹炭眼罩
CHQ8039,000033,,竹炭眼罩
0000070,000043,,竹炭酥  200克
0001055,,,竹炭酥  201克
CHQ0005,4712764390223,,竹炭調整型連指護腕A1-203F
CHQ0004,4712764390216,,竹炭調整型護腕A1-202F
CHQ0007,000044,,竹炭鞋墊
32191820,,,竹香咖啡(濾泡式)
6930,6930502423479,,竹碳碳包
GHSE6931,6930502422014,,竹碳碳包
35020158,,,竹醋液
CHQ8034A,9556001125505,,竹醋貼（8片)
32040043,4710879000983,4710879005582,米餅 280g
4710783088718,4710783088718,,米醋100ml
0000281,000209,,老人椅 BS-7176 防火標準附餐托板及活動腳踏
A0001101,4947678266412,0001101,老花鏡
4710960778081,4710960778081,4710960778081,老薑母茶（18小包）
4710960768082,4710960768082,4710960768082,老薑母茶（獨立小包）
32190410,,,老薑母茶粉
32190403,2710030822012,,老薑母茶塊
OFARM1241,,,老薑黑糖轉310g
WH-8013,4711769145166,,肌力拉筋帶(5M)
WH-8015,,,肌力拉筋帶(紫色)5M
WH-8016,4711769145197,,肌力拉筋帶(銀色)5M
0000047,000027,,自走用輪椅鼓式?車(重11.5kg)
8000002,9556001125484,,自動吹氣墊
32110944,,,自然風素拌醬
LCL200503,4714221818325,,自然素材-山葵脆餅
LCL200502,4714221818318,,自然素材-胡椒脆餅
LCL200501,4714221818523,,自然素材-蒜香脆餅
LCL200504,4714221818530,,自然素材-蔥燒脆餅
35020103,,,衣物溫和漂白劑
ECO105,4897040130233,,衣櫃用碳包130g
WYT6661,4891811320274,,位元堂中醫防掉髮洗髮露（防屑配方）
WYT6660,4891811320267,,位元堂中醫防掉髮洗髮露（烏髮配方）
WYT6658,4891811320250,4891811320250,位元堂中醫防掉髮洗髮露（強韌配方）
WYT6528,4891811332185,4891811332352,位元堂五指毛桃燉雞湯320g
WYT3859B04,4891811312866,,位元堂包裝精選鯰魚膠
WYT5199A,4891811348643,4891811348643,位元堂原味龜苓膏200g
WYT7113,4891811365862,,位元堂唧唧龜苓爽（秋梨味）250g
WYT7111,4891811365787,4891811365787,位元堂唧唧龜苓爽（原味）250g
WYT7112,4891811365794,4891811365794,位元堂唧唧龜苓爽（椰果味）250g
WYT7139,4891811365893,,位元堂唧唧龜苓膏250g(菊花）
WYT6526,4891811332161,4891811332338,位元堂猴頭菇響螺燉雞湯320g
WYT6529,4891811332178,4891811332345,位元堂當歸紅棗燉烏雞320g
WYT6527,4891811332192,4891811332369,位元堂瑤柱蟲草燉湯320g
WYT6376B01,4891811312996,,位元堂精選蟲草花（2兩裝）
WYT7788,4891811332123,,位元堂鮑汁螺片
WYT6521,,,位元堂龜苓膏2杯裝（士多啤梨味）100g
WYT6522,,,位元堂龜苓膏2杯裝（奇異果）100g
WYT6523,4891811348766,,位元堂龜苓膏2杯裝（提子味）100g
WYT6524,4891811348773,,位元堂龜苓膏2杯裝（藍莓味）100g
WYT7115,4891811365725,4891811365725,位元堂雙層潤喉軟糖（川貝枇杷配方）
WYT7117,4891811365732,4891811365732,位元堂雙層潤喉軟糖（蜂膠八仙果配方）
WYT7116,4891811365749,4891811365749,位元堂雙層潤喉軟糖（蜂膠羅漢果配方）
WYT5200A,4891811348650,4891811348650,位元堂靈芝龜苓膏200g
RT7201,RT7201,,冷熱墊28X11CM
RT7207,RT7207,,冷熱墊42X36.5CM
0000125,000084,,利秘樂口服液 200ml
QV-091201,9088881296034,,利秘樂口服液 200ml-有助排便之果糖漿 Laevolac - 200ml
CH01040216,,,助行手推車
TX1330,,,即沖朱古力8轂營養餐
32240061,,,吟香梅汁
JSM-WLD-010L,,,坐墊JML1
TEAM-HYA007,,,宏亞蜜蘭諾-可可8入
TEAM-HYA008,4710098163193,,宏亞蜜蘭諾-杏仁千層8入
TEAM-HYA006,4710098163650,,宏亞蜜蘭諾-楓糖8入
WH-G00041,,,希必定消毒藥水25包/盒
0000101,000069,,"床墊紙 17"" X 24"" (10張/包)                                  "
0000100,000068,,"床墊紙 23"" X 36"" (10張/包)                                  "
8000003,9556001125485,,床褥
M0005,0043900225104,,快凝寶
FHA-MI-MPT,,,折背大輪手動輪椅（紅18吋）
32040944,4711945790074,,杏仁海苔酥
32041460,4711945737185,,杏仁海苔酥
32190090,4710425200409,,杏仁粉
LCL00022,,,杏仁糊
LCL0043,,,杏仁糊
JM-NOT-F19480,,,"沖涼扶手24""                                                 "
32110197,,,沙茶醬
32140019,,,秀山榨菜 (即食)
MS0010,4710958592033,,"肘關節矽膠墊片護套 Coolmax Tennis Elbow Support, One size fi"
8859164275043,,,角角香蕉片（BBQ）
8859164275036,8859164275036,,角角香蕉片（芝士玉米）
8859164275029,8859164275029,,角角香蕉片（原味）
32040906,4711202223512,,豆脆片
471078306074,471078306074,,豆豉香魚辣椒
4710783063135,4710783063135,,豆豉香魚辣椒240
4710783063098,4710783063098,,豆豉朝天辣椒
ECO-3004,,,足跟墊/對
0000072,000045,,車用頸枕
35010128,4710494051216,,里仁天然無泡沫牙膏144g
35010432,4710494053968,,里仁天然無泡沫牙膏50g
32210057,,,里仁有機蔬果酵素原液(無糖)
32210064,,,里仁有機轉型期蔬果酵素(有糖)
35010135,4710494050196,,里仁無泡沫牙膏
32040029,4710126010437,,里仁煎餅(杏仁)特價
ECO-3001,,,防褥瘡坐墊
LCL2006,,,亞麻仁籽
LCL0001A,4710984562093,,亞麻仁養生薄餅
LCL0001,9555021804874,,亞麻籽水果酵素餅
32054743,4712967086480,,亞麻堅果酥
M0010,7613033866999,7613033866999,佳膳（糖尿配方）
M0007,9314839000922,,佳膳奶粉（細罐）
M0014,7613032992194,,佳膳成人升級配方
M0014A,7613034773685,7613033869518,佳膳成人升級配方800G
M0017,7613032992033,,佳膳成人配方400g
M00078,7613034773661,,佳膳成人配方奶粉400g
MM001,,,佳膳糖尿配方
M10065,7613033869570,,佳膳糖適400g
M10076,,,佳膳纖維400g
M0013,7613033859809,7613033844744,佳膳纖維配方
M0013A,7613033858574,,佳膳纖維配方400G
GIFT01,4895173212437,4895173212437,使立消（士多啤梨味）慈善換購價
M100553424,7613032991937,,兒童佳膳400G
0002009,,,其他有機菜2
LCL8029,,,初榨椰子油473ml
IC4002,4897024471079,4897024471079,刺痛靈 潘氏鎮痛膏
32170252,,,味付海苔(原味)
NSF113,4711175000943,,味榮有機香醇腐乳
NSF111,4711175000677,,味榮有機乾豆豉
NSF112,4711175000684,,味榮有機濕豆豉
32020281,4710589440482,,味噌沖泡麵
NK008,6921204802495,,和然有機大豆瓣醬（800g）
NK001,6925843403662,,和然有機醬油（500ml）
32110234,,,咖哩粉
AAA00118-G,4897002230186,,"夜用金裝 ""護理寶""隨意貼成人紙尿片-大碼                      "
IBN102,4895158003104,,官燕棧花膠雪耳燉西施骨湯
IBN04,4895158008550,,官燕棧甜脆核桃
IBN101,4895158000868,,官燕棧猴頭菇燉響螺燉雞湯
IMP103,,,官燕棧當歸紅棗煲雞湯
IBN100,4895158000844,,官燕棧靈芝蟲草花燉雞湯
LCL0029,4710947381167,,岳盛小阿姨黑糖薑母茶
M0006,9314839000921,,怡保康400g
M3478,4891035043478,4891035043478,怡保康400g
NICE-C01,,,怡美軒寄賣產品
NICE-C02,,,怡美軒寄賣產品02
M0008,4891035043492,,怡寶康900G
0001104,4891690000605,,拐杖椅
0001000,,,拐杖椅(灰色)
MS0006,000099,,"拐杖腳, 四腳拐杖腳適用（灰色）19MM"
MS008,00000101,,"拐杖腳, 四腳拐杖腳適用（啡色）19MM"
MS0007,000100,,"拐杖腳, 四腳拐杖腳適用（黑色）19MM"
SIL002,6926292547877,,放大鏡指甲鉗 (日美牌) #B 690
SIL001,6921225467178,,放大鏡指甲鉗 (博友牌) #190
0000082,000054,,放大鏡趾甲鉗 # 185
0000083,000055,,放大鏡趾甲鉗 (纖巧型)
6000013,9556001125499,,放水圍裙
M00001,9556001125497,,明愛雙黃白蓮蓉月餅
ECO-C01,,,易康寄賣產品
IBN02,,,杭州胎菊75g
IMP03,4895158005559,,杭州胎菊75g
32182798,4716820880239,4716820880239,東南黑麥汁
CH01010138,,,松鶴片心(L）
CH1010136,4897012642542,,松鶴片心細碼（20片/包）
GT00120,819377000120,,板栗
108019,4719865061625,,枇杷羅漢果
00919,6928740700919,,果片餐
4710783055062,4710783055062,,果醋（青梅）
4710783058117,4710783058117,,果醋（桂花酸梅湯）
4710783058100,4710783058100,,果醋（極品烏梅）
4710783055093,4710783055093,,果醋（葡萄）
4710783055109,4710783055109,,果醋（蜜桃）
4710783055116,4710783055116,,果醋（鳳梨）
4710783055055,4710783055055,,果醋（蘋果）
4712834114193,4712834114193,,油切冷泡純綠茶
100010021,,,油切綠茶試飲包
32021172,,,泡菜麵
GHSE1123,4891690000622,,炊飯碳
32070125,4711946900755,,爭鮮天津有機甘栗（已剝殼）
32110883,4710425200249,,玫瑰岩鹽
LCL0007,,,玫瑰花
4712834114537,4712834114537,,玫瑰花茶
MC-SP-I-90838,4710958596703,,矽膠 3/4 掌墊  (中)
MC-SP-I-907M,4710958596734,,矽膠全掌墊 (37-38)
0000162,000115,,"矽膠全掌墊 (39, 40, 42, 44)"
MS0011,4710958596673,,矽膠足跟墊 (中)
0000282,000210,,肩膊矯形帶 (大碼)
32050486,4711202220504,,芝麻巧果
0002100,9314839000909,,芝麻粒
LCL0004,,,芝麻糊（獨立包裝）
NSF05,4897014723034,4897014723034,芬蘭有機-四合一燕麥片
NSF03,,,芬蘭有機-即溶燕麥片（大片）
NSF04,,,芬蘭有機-黑麥片
NSF02,4897014722877,4897014722877,芬蘭有機燕麥片
32055467,4710531101218,,花生巧克力
32130058,4710383001599,,花生醬
0000138,000096,,花紋手杖
0000136,000094,,"花紋拐杖,深木紋"
0000159,000113,,"花紋拐杖,深木紋"
0000135,000093,,"花紋拐杖,黑底碎花"
0000160,000114,,"花紋拐杖,碎花紋"
0001085,352988030778872,,花紋摺機
FD01,,,花茶（土象）
FD04,,,花茶（水象）
FD02,,,花茶（火象）
FD03,,,花茶（風象）
ML01,4891094653106,4891094653106,花寶全能培植土1L
32050172,4712967082857,,金桔軟糖
32061048,4712967082628,,金桔鮮果乾(150g)
LCL8028,,,金黃亞麻籽仁
100010001,100010001,,金裝禮盒
4710783063104,4710783063104,,金鉤朝天辣椒
SS-RUO02E,,,長者八達通表-classic black
SS-MM02C,,,長者八達通表MM02C
CH0007,11090033,,長者拐杖傘（混色）長63CM
CH0006,11090032,,長者拐杖傘（混色）短
8007255060034,8007255060034,8007255060034,長意粉（500g）
4712834112502,4712834112502,,阿里山老薑小黑糖
4713282760604,4713282760604,,阿根廷超大無籽葡萄乾-425g
LCL2005,,,阿麻籽粉
32054323,4717760350059,,雨林咖啡酥
4710960882085,4710960882085,,青仁黑豆粉
32181807,,,青草茶
4710783055208,4710783055208,,青澀梅果醋600ml/支
0000058,000034,,保健頸椎棒
0001046,,,保健頸椎棒
ECO-03,,,保暖衫
ECO-02,,,保暖褲襪
ECO-201812,,,保暖襪（半統長襪）
0001048,,,保護頸U枕
CHQ8006,000036,,保護頸U枕
RT000218,RT000218,000164,前掌墊 MIA Metatarsal Cushion - Exrtra Soft （白色）
RT000217,RT000217,000163,前掌墊 MIA Metatarsal Cushion - Exrtra Soft （藍色）
TS3213,8858785400629,,勁咬脆米片-香蔥味
32190014,,,南瓜玉米濃湯
32041057,4710425203127,,南杏洛神甜心
32030143,4711942855400,,南棗核桃糕
OFARM831,,,南棗核桃糕
32030068,4710944890464,,南棗核桃糕350g
32055689,4712967082994,,南薑糖
PISS01,,,品高3層口罩（50個裝）
PISS02,,,品高3層口罩（獨立包裝）
0000077,000050,,室內無線電話 Amytel France
GBF-TH0030,8850987139000,8850987139000,帝皇菜即食面（冬蔭功）75g
BAYER301,5016003189906,,拜安康血糖紙CONTOUR 50 STRIPS
CONTOUR01,,,拜安康血糖試紙
BAYER04,,,拜耳贈品（三骨雨傘）
0001012,,,拾物器 10209BZ
RT00024,RT00024,2010100111341,指壓按摩球 (2 只)
4710960778029,4710960778029,4710960778029,枸杞菊花茶（18包）
4710960768020,4710960768020,4710960768020,枸杞菊花茶（獨立小包）
OFARM1990,4719859741953,,枸杞菊花養生飲
TEAM-0029,4712417850029,,柚子參
TEAM-2018,4712417856144,,柚子蔘（袋裝）
35010074,4710942009851,4710942103160,柚籽皂
LCL2003,,,洋車前子
LCL8009,,,洋車前子
GT07637,8858358007637,,洋蔥片
JSM005,,,洗傷口生理鹽水-JSM
JSM004,,,洗傷口消毒藥水-jsm
R0580,,,"洗澡椅27""-33""(愛健樂）                                      "
4712417851613,4712417851613,,洛神花茶（無糖15包入）
T003,4897047950131,,洛神花茶包
4710783055185,4710783055185,4710783055185,活力檸檬醋600ml/支
32240436,,,活性15+麥蘆卡蜂蜜(250g)
32240443,,,活性15+麥蘆卡蜂蜜(500g)
32240177,,,活性20+麥蘆卡蜂蜜(250g)
32240139,,,活性20+麥蘆卡蜂蜜(500g)
32240146,,,活性25+麥蘆卡蜂蜜(250g)
NSF100,4897025020603,4897025020344,炸魚皮
NSF101,4897025020160,4897025020160,炸蒜蓉
35020196,,,玻璃清潔劑
32170115,4713318881013,,珊瑚藻
32051858,4713676069030,,珊瑚藻凍(白葡萄味)
4713435206409,4713435206409,,珍天素香鬆（原味）300g
4710664200116,4710664200116,,珍田-五寶糙米果-180g
4710664200154,4710664200154,,珍田-活力十轂玄米棒-180g
GBF-TH0040,8850987139017,8850987139017,皇帝菜即食面（冬菇）75gX3
TH0010,8852523112010,8852523112010,皇帝菜麵（素食）
4712834112465,4712834112465,,研磨阿里山老薑茶飲
4712834112434,4712834112434,,研磨桂圓紅棗海燕窩
6000012,9556001125498,,約束衣（中碼藍色）
GT00014,8858945200014,,紅火龍果乾
0000267,000196,,紅外線額頭探體?計
IT001,IT001,,紅外線體溫計
4713282760529,4713282760529,,紅布朗 十穀米-900g
4713282767672,4713282767672,,紅布朗 台灣濃味杏仁-500g
4713282760284,4713282760284,U000697426,紅布朗 有機砂糖-500g
4713282768808,4713282768808,,紅布朗 有機高纖燕麥奶盒裝(8入)
4713282760291,4713282760291,,紅布朗 有機黑糖粉-450g
4713282768860,4713282768860,,紅布朗 香醇高鈣燕麥奶罐-850g
4713282762202,4713282762202,,紅布朗 香醇黑芝麻粉 500g
4713282766699,4713282766699,,紅布朗 黃金亞麻籽粉-350g
4713282762226,4713282762226,,紅布朗 黃金蕎麥杏仁茶-500g
4713282760208,4713282760208,,紅布朗 黑櫻桃乾-120g
4713282766668,4713282766668,,紅布朗 樂活精力湯-450g
4713282760512,4713282760512,,紅布朗 蔓越莓乾顆粒(袋)200g
4713282762271,4713282762271,,紅布朗 蔓越莓乾顆粒(罐)150g
4713282760161,4713282760161,,紅布朗 澳洲天然湖鹽-300g
4713282761816,4713282761816,,紅布朗 鹽烤3色Party脆果-170g
4713282762608,4713282762608,4713282762608,紅布朗八珍堅果（會員優惠裝）
4713282766606,4713282766606,,紅布朗山藥紫米漿-500g
4718749000231,4718749000231,,紅布朗天然岩鹽-600g
4713282767665,4713282767665,,紅布朗台灣濃味黑穀奶-500g
4713282761588,4713282761588,,紅布朗安地斯山玫瑰鹽-300g
4713282760079,4713282760079,,紅布朗有機小米-500g
4713282760321,4713282760321,,紅布朗有機中低筋麵粉-400g
4713282760307,4713282760307,,紅布朗有機全麥麵粉-400g
4713282760277,4713282760277,,紅布朗有機有機黑豆-500g
4713282760062,4713282760062,,紅布朗有機即食黑麥片-300g
4713282760055,4713282760055,,紅布朗有機即食燕麥片-300g
4713282760048,4713282760048,,紅布朗有機杏仁果-200g
4713282760109,4713282760109,,紅布朗有機亞麻仁籽-400g
4713282760338,4713282760338,,紅布朗有機南瓜子-300g
4713282760154,4713282760154,,紅布朗有機洋薏仁-500g
4713282760031,4713282760031,,紅布朗有機紅豆-500g
4713282760024,4713282760024,,紅布朗有機高蛋白黃豆-500g
4713282760314,4713282760314,,紅布朗有機高筋麵粉-400g
4713282760888,4713282760888,,紅布朗有機高纖燕麥奶 - 800g
4713282760086,4713282760086,,紅布朗有機腰果仁-200g
4713282760345,4713282760345,,紅布朗有機葵瓜仁-350g
4713282760093,4713282760093,,紅布朗有機綜合穀物片-300g
4713282760260,4713282760260,,紅布朗有機綠豆-500g
4713282766996,4713282766996,,紅布朗杏仁茶（500g）
4714425400029,4714425400029,,紅布朗杏仁茶-600g
4718749000286,4718749000286,,紅布朗昆布藻鹽-400g
4713282760192,4713282760192,,紅布朗玫瑰鹽杏仁果-120g
4713282760185,4713282760185,,紅布朗芝麻黑豆漿-500g
4713282760352,4713282760352,,紅布朗南杏片
4713282760116,4713282760116,,紅布朗洋車前子殼－有機纖維粉
4714425450062,4713282766682,,紅布朗紅薏仁粉-500g
4713282767603,4713282767603,,紅布朗美國冰茵櫻桃
4713282760789,4713282760789,,紅布朗風味堅果五穀漿-500g
4713282766576,4713282766576,,紅布朗宮廷補氣茶-6g*12包
4713282767610,4713282767610,,紅布朗堅果素香鬆-200g
47132827676140,47132827676140,,紅布朗堅果素香鬆-200g
4710700445204,4713282761236,,紅布朗甜玉米L
4713282760178,4713282760178,,紅布朗荷蘭水解卵磷脂
4713282760581B,,,紅布朗黃金百杏茶  (24包大盒裝)
4713282760932,4713282760932,,紅布朗黃金百杏茶 (8包小盒裝)
4713282760581A,4713282760581,,紅布朗黃金百杏茶（獨立包裝）
4713282760147,4713282760147,,紅布朗黃金晶冰糖
4714425400043,4714425400043,,紅布朗黑芝麻粉-500g
4713282762622,4713282762622,,紅布朗-輕烘焙-雙桃果仁
4714425486108,4714425486108,,紅布朗養生堅果-200g
4713282766880,4713282766880,4713282766880,紅布朗-鹽烤杏仁果（170g）
32054392,4712967083250,,紅李水果軟糖
32170146,4719870800615,,紅珊瑚藻
4710960778036,4710960778036,4710960778036,紅棗桂圓茶（18包）
4710960768037,4710960768037,4710960768037,紅棗桂圓茶（獨立小包）
0001119,4891690000618,,紅棗龍眼黑糖
32130188,,,紅棗醬
LCL0030,4711601991326,,紅薏仁粉
OFARM42,,,紅薏仁粉
LCL2002,,,紅薏仁粉（袋裝）
OFARM-GP0042,4897014722211,,紅薏仁粉250g
32055931,4710007879184,,紅藜棒
32190045,,,紅麴海帶芽湯
32110029,,,紅麴調味料
4710783055130,4710783055130,,美人桑堪醋600ml/支
4892030001098,4892030001098,,美心月餅（贈品）
35011446,,,美國Aubrey天然杏仁膠原護膚乳
35011477,,,美國Aubrey天然沙棘護膚乳
35011422,,,美國Aubrey天然金銀花玫瑰滋潤洗髮露
35011439,,,美國Aubrey天然金銀花玫瑰滋潤潤髮乳
35011460,,,美國Aubrey天然薔薇果護膚乳
35011538,,,美國Aubrey天然薰衣草依蘭平衡洗髮露
35011545,,,美國Aubrey天然薰衣草依蘭平衡潤髮乳
35011415,,,美國Aubrey天然藍甘菊補濕洗髮露
35011408,,,美國Aubrey天然藍甘菊補濕潤髮乳
35011514,,,美國Aubrey有機雲尼拿蜂蜜護唇膏
35011484,,,美國Aubrey有機橘子護唇膏
35011491,,,美國Aubrey有機薄荷茶樹護唇膏
35011507,,,美國Aubrey有機覆盆子護唇膏
201012-1,4860009001035,,美國有機純紅石榴藍莓汁
202003,735037020041,,美國有機無糖可可粉
104204,042563601096,,美國有機蘋果醋
8674220000144,8674220000144,8674220000144,美國無花果乾
MOON02,,,美國紫無花果茸月餅 (瓜子)
MOON01,,,美國紫無花果茸月餅 (原味)
MOON03,,,美國紫無花果茸月餅 (核桃)
M0002,4891035091493,4891035065913,美國雅培金裝加營素
MOON2001,,,美聖美國紫無花果月餅券
LCL0024,000211,,胎菊
GHSE201503,,,胖達人土鳳梨酥（10件裝）
GHSE201502,,,胖達人方塊酥（10件裝）
GHSE201501,,,胖達人蛋卷
32040081,4710879002239,4710879005575,胚芽餅 (8小包)
32040012,4710879000723,,胚芽餅(大）
32100013,,,胡麻油
4712417851637,4712417851637,,苦瓜茶
32100020,,,苦茶油
0002010,4719866300402,,苦茶粉
35020455,,,苦茶粉
35020042,4719866122318,,苦茶粉1公斤
FILE,,,風琴FILE
JJ059,9310140008059,,香米2kg
35016021,4710942103191,,香茅手工皂
35020011,,,香茅油
35010296,4710942007611,,香茅透明皂
IBN20,4895158008543,,香烤鹽焗美國杏仁200g
TS3201,8858785400544,,香脆米片（香辣）
TS3200,8858785400520,8858785400520,香脆米片（原味）
TS3202,8858785400537,,香脆米片（燒烤）
IBN05,4895158008536,,香脆鹽焗腰果仁200g
32180046,4710696930111,,香梅汁 360mL
32110975,,,香菇調味料
4712834114032,4712834114032,,香蓮普洱茶（18入）
4713282762028,4713282762028,,香醇豆奶粉(特價）
8859105800013,8859105800013,,香蕉朱古力
GT637,6939248100637,,凍乾水果（杏片）
GT1757,,,凍乾水果（桑莓）
00194,,,凍乾水果（草莓）
GT00194,6939248100194,,凍乾水果（草莓）
GT01061,6939248101061,,凍乾水果（無花果）
GT00170,6939248100170,,凍乾水果（蜜桃）
GT00196,,,凍乾榴蓮
GT82287,6937893682287,,凍乾雜菇
32140439,,,剝皮辣椒  (辣）
GA-0401,,,原木扶手椅
IBN21,,,原色雞心棗250g
IMP02,4895158005795,,原色雞心棗250g
32050240,4710425200874,,原味洋芋卷
32990232,4711202223024,,原味洋芋球
32190564,,,原味燕麥奶
32030167,4715898170051,,夏威夷豆黑棗糕
IBN07,,,家常羅漢果50g
IMP10,4895158006730,,家常羅漢果50g
7000020,9556001125487,,座地風扇
32052244,9555235990134,9555235990134,悅意有機糙米小圈圈
32052237,9555235990110,,悅意有機糙米圈-芝士
32240665,,,悅意芒果蜂蜜醋
32240658,,,悅意蜂蜜醋
32050448,4897021310289,,悅意糙米香
01170433,01170433,,旅行毛毯
LCL1002,4719865062226,,核桃粉
4710960301340,4710960301340,,核桃黑米糊500g
4711402033072,4711402033072,,核桃糕
4712834114353,4712834114353,,桂花烏龍茶
4712834112519,4712834112519,,桂圓紅棗小黑糖
4710783055161,4710783055161,,桂圓紅棗醋600ml/支
32130263,,,桑椹果醬190g
32130102,,,桑椹果醬240g
32240047,,,桑椹原汁(加糖)
32030099,4711202223178,,桑椹酥 (5件)
GBF-TX6000,8856977002637,,泰國100%全自然紅糖
TX6060,,,泰國100%龍眼蜂蜜250g
TN0200,8858897600016,,泰國GABA發芽香米麵
TN0202,8858897600030,,泰國GABA發芽黑米麵
TN0201,8858897600023,,泰國GABA發芽糙米麵
CC01000,,,泰國天然椰子油（1000ml）
GG0100,8858929700134,8858929700134,泰國天然椰子油（美容裝）
GG01000,8858929700066,,泰國天然椰子油1000ml
CC0250,8858929700127,,泰國天然椰子油250ml
GG0480,8858929700165,,泰國天然椰子油480ml
TA6016,8857121775742,857121775742,泰國天然椰子花蜜
TS300,8857121776770,8857121776770,泰國天然椰子花蜜糖（旅行3件裝）
TX3219,,,泰國冬蔭功米通（15gX3)
GBF-TR0050,8856972206283,,泰國有機3色米
OFARM701,4897014722655,,泰國有機三色米（ofarm）
GBF-TR0056,8856972206269,,泰國有機三色米500g
TX3268,,,泰國有機冬陰功米條
TS0018,8858785401510,,泰國有機古法鼓油
GBF-TR001A,8856972206061,,泰國有機白米500g
TR0070A,8856972206047,,泰國有機米1kg(Special Price)
GBF-TR0030,8856972206207,,泰國有機紅米1kg
GBF-TR0030A,8856972206252,8856972206252,泰國有機紅米500g
0001900,,,泰國有機紅蔥頭/蒜頭
GBF-TR0012,8856972206078,,泰國有機香米  5kg
OFARM601,4897014722099,,泰國有機香米（OFARM)
GBF-TR0010,8856972206009,,泰國有機香米1kg
GBF-TR0011,8856972206023,,泰國有機香米2kg
GBF-TR0021,8856972206115,,泰國有機香糙米
GBF-TR0020,8856972206108,,泰國有機香糙米1kg
GBF-TR0026,8856972206160,,泰國有機香糙米500g
GBF-TR0040,8856972206603,8856972206603,泰國有機黑米
GBF-TR0060,8856972206382,,泰國有機黑糯米
TS301,8857121776886,8857121776886,泰國有機椰子油（旅行3件裝）
TC4005,8859060300399,8859060300399,泰國有機醬油
TC1000,8858906400224,8859060300078,泰國青咖喱+（椰漿及甜羅勒葉）
GBF419,8850987351419,,泰國威化餅（椰子）
TR0080,8858785402012,,泰國特級有機胚芽糙米
TL0083,8858885700025,,泰國清潤桂圓茶
WYT6105B02,,,泰國龍眼肉300g
GT00021,8858945200021,8858945200021,泰國龍眼乾
ECO106,4897040130752,,浴室消毒濕紙巾
35020189,,,浴廁清潔劑
RDH40,,,浴椅
WH40001,,,浴椅
32150117,4971455019755,,海太郎原味嫩芽
32170061,,,海洋竹笙
LCL0013,4710984562260,4710984562260,海苔米果
32090062,4711518007370,,海苔素肉鬆
32054767,4711945737154,,海苔脆片
32040548,4710425201314,,海苔麥麩卷
32052459,4713318660397,,海苔酥
32140446,,,海苔醬
LCL0003,GFL1008,GFL1008,海帶芽
32170054,,,海帶芽根結
RSE01,078347851203,,消毒火酒75%（1000ml）
WH0013,4897002233637,,消毒酒精棉
32180039,4710696930135,,烏梅汁 360mL
32180053,,,烏梅汁1000mL
4710783088817,4710783088817,,烏醋240ml
32170047,,,烤岩生紫菜
0001040,,,特惠竹炭5包裝
0002003,,,特價有機菜(20/袋）
CH0015,4897012640791,,特價蜆殼粉
0001060,4891811991122,,珮氏成人抗菌紙尿片(大碼)(10包1箱)
0001059,4891811991115,,珮氏成人抗菌紙尿片(中碼)(10包1箱)
WH-C00126,,,病床餐檯
32050141,,,祖母綠有機吸凍
32240689,,,祖母綠諾麗果汁
32181746,4002631990695,4002631990695,祟德發天然純麥汁
LCL902,9555021806946,9555021806946,納豆海苔蘇打餅
LCL0034,9556001125500,,納豆雜菜粥
CH0014,4897012640777,,紐條粉
4710783056076,4710783056076,,純米醋500ml
LCL900,9555118659530,9555118659530,純素蔬菜餅
CHC001,,,純棉內衣
GHSE201801,,,純棉毛巾
ECOSURE01,,,純棉毛巾34cmX75cm
LCL6552,4712067896552,4712067896552,純黑芝麻
LCL0023,4711601970475,,純黑芝麻粉
LCL0035,4891690000621,,純黑糖
32110265,,,純磨香油
32090048,,,素肉鬆(原味)
35010067,4710942009844,4710942103153,素皂
32200041,,,素豆丁
32090239,,,素豆片
32200058,,,素豆條
32020748,,,素炸醬乾拌麵
32110104,4715351501026,,素食烏醋300mL
32110098,4715351501101,,素食烏醋600mL
DF008-01,4719854181037,4719854181037,素食調味料
32140460,,,素麻婆豆腐 (辣）
32170085,,,素螺肉
32110890,4710125010339,,素躁醬
108112,4715806190201,,能量E生機餅乾
JSM-WF260,,,脂肪水分電子磅
LCL0020,,,脆米片
70861,,,脆米樂（芥辣）
GT70861,8857102570861,,脆米樂（芥辣）
70847,,,脆米樂（南瓜果仁）
GT70847,8857102570847,,脆米樂（南瓜果仁）
70823,8857102570823,,脆米樂（原味迷你）
70854,,,脆米樂（海苔）
GT70854,8857102570854,,脆米樂（海苔）
4710783063166,4710783063166,,脆剝皮辣椒
35010333,,,茶樹精油
32053357,4711601000271,,起士糙米果
0000264,000194,,酒精消毒紙(100片)
0001051,9314839000919,,"針織竹炭靜脈曲張護套(小腿)B1-701(1大,2加大)"
0001137,9314839000932,,針織竹炭靜脈曲張護套(小腿)B1-701(大碼)
0001138,9314839000933,,針織竹炭靜脈曲張護套(小腿)B1-701(加大碼)
CHQ0006,4712764390582,,針織竹炭護肘 B1-301
0001054,,,"針織竹炭護肘 B1-301(1中,1大,2加大)"
0001135,9314839000930,,針織竹炭護肘 B1-301(大碼)
0001134,9314839000929,,針織竹炭護肘 B1-301(中碼)
0001136,9314839000931,,針織竹炭護肘 B1-301(加大碼)
0000065,000039,,針織竹炭護膝 B1-502
0001052,,,"針織竹炭護膝 B1-502(1小,1中,2加大)"
0001130,9314839000925,,針織竹炭護膝 B1-502(中碼)
0001131,9314839000926,,針織竹炭護膝 B1-502(加大碼)
0001129,9314839000924,,針織竹炭護膝 B1-502(細碼)
0000066,000040,,針織竹炭護踝 B1-601
0001053,,,"針織竹炭護踝 B1-601(1大, 2加大)"
0001132,9314839000927,,針織竹炭護踝 B1-601(大碼)
0001133,9314839000928,,針織竹炭護踝 B1-601(加大碼)
0000069,000042,,針織專業護腰 C1-402
0000068,000041,,針織專業護膝 B1-501
0000054,4712764390209,,除味空氣竹醋液(120ml)
0000054N,4712764390209N,,除味空氣竹醋液(120ml)(N)
0001044,,,除味空氣竹醋液(121ml)
0001045,,,除味空氣竹醋液(試用裝)
6930502422281,6930502422281,6930502422281,除味炭包150g
4719869121257,4719869121257,4719869121257,馬家手工面線（山藥味）
4719869121240,4719869121240,4719869121240,馬家手工面線（原味）
4719869121974,4719869121974,4719869121974,馬家手工面線（蕃茄味）
4719869121264,4719869121264,,馬家麵線（南瓜味）
32150070,4713327133318,,高山有機金針
LCL0027,4711601970666,,高鈣杏仁茶
LCL0027A,,,高鈣杏仁茶（袋裝）
LCL0200,4711601960124,,高鈣杏仁茶（袋裝）
32100693,8024358701138,8024358701138,高溫煮食油
32140071,4710977146217,,乾豆豉
35010425,,,健康牙刷(6支)
2017P1,,,健康食品福袋P1
2017H1,,,健康食品禮籃H1
2018H1,,,健康食品禮籃HI
TEAM-HES011,4716809010862,,健康時代-純濃豆漿粉（袋裝500g）
FB2016039,,,健康福袋2016039
FB201609,,,健康福袋201609
GIFT0112,,,健康禮物包
GIFT18,,,健康禮物包
PACK30,,,健康禮物福袋
KLT,,,健絡通活絡油（旅行版）
GREEN2019,4897064020077,4897064020077,健絡通活絡油旅行裝
MS0013,,,健源單色28格藥盒
LEUNG,,,參觀社企工作坊
M00031,,,唯諾金裝鈣骨寶
32130034,,,堅果醬
32130041,4710425200140,,堅果醬
OFARM461,,,崇德發天然黑麥汁
CRCC-1325,724101001325,724101001325,康源唐辛子竹酢保健貼2片
CRCC-0019,4892153111780,,康源茶籽墨旱蓮首烏洗髮露750ml
CRCC-0027,4892153900322,,康源透骨草田七活絡沐浴露1000ml
CRCC-3279,4892153901060,,康源黑豆人參當歸養潤洗髮露750ml
CRCC-0013,4892153111797,,康源檀香骨膠原沐浴露1000ml
WH-250A,000198,,"康樂 250A(11"" x 26"") 片芯                                   "
WH0001,4897002230070,,康樂日用大碼(10片)
WH-00080,4897002230063,,康樂日用中碼(10片)
OD0001,GFL1011,,康樂成人電子磅
OD0002,GFL1012,,康樂棉花棒
JJ0200,4030841005397,,強生ONETOUCH血糖機套裝
JJ0001,353885811026,,強生血糖紙Ultra Strip 50's
0000098N,353885811026N,,強生血糖紙Ultra Strip 50's (N)
0001058N,353885805018N,,強生血糖機(不可獨立買機)(N)
JJ0003,353885805018,,強生血糖機(贈品）
JJ0004,,,強生血糖機1盒+強生血糖紙(50's)2盒
JJ0002,353885798006,,強生採血針Ultrasoft Lancet 100's
0000099N,353885798006N,,強生採血針Ultrasoft Lancet 100's(N)
0000168,000119,,彩色 輕按式 7格藥盒
MS0012,000118,,彩色4x7日 28格藥盒
MS0001,000086,,彩色七日藥盒(每日一排四格)
0001089,4891690000608,,彩屏手機
4715409960768,4715409960768,4715409960769,御品黃金海苔脆片
0000062,000038,,排毒竹醋貼(4片)
0001050,,,排毒竹醋貼(5片)
0000076,000049,,探熱槍 (澳洲)  Medi Sain
32050066,2716301200060,,梅子果凍
32140057,,,梅干菜
32051469,,,梅津糖
32140385,,,梅香醬蘿蔔
32060034,,,梅粉
4712010361168,,,梅棗酵素
NSF114,,,梅棗酵素
32052541,,,梅精果凍
32052404,4710531201031,,梅精軟糖
32240085,,,梅醋
32110173,,,涼麵醬
LCL0100,4711601991456,,淮山粉
LCL0047,4711569025248,4897043099841,淮山餅
LCL0047A,,,淮山餅（試食2包裝）
T-F004,,,淮山麵
32120059,,,淳味紅冰糖
32120073,,,淳味黑糖糖塊
TN001,7310791182636,,添寧護你墊
SERVICE01,,,清潔服務
CASHCOUPON,,,現金券
CC0001,,,現金券
4710783055154,4710783055154,,甜蜜鳳梨醋600ml/支
32110258,,,甜辣醬
6927255479808,6927255479808,6927255479808,盒裝黑木耳
8852072900076,8852072900076,,粒粒椰肉椰青水
8852072900090,8852072900090,,粒粒蘆薈椰青水
32110326,4710425208009,,細海鹽
PT20140501,,,荷寶節日優惠套裝
PT16212,4897008640330,,荷寶萬用活洛油 15ml
PT0000175,000124,,荷寶萬用活洛油 50ml
PT177,000125,,荷寶優惠套裝 (活洛油+薄荷膏)
PT16211,4897008640347,,荷寶薄荷膏15gm
RG01,8710267730016,,荷蘭ROYAL GREEN天然無味椰子油250ml
RG01A,87288827,,荷蘭ROYAL GREEN天然無味椰子油500ml
RG02,0000087288827,,荷蘭ROYAL GREEN天然無味椰子油500ml
RG03,8710267730504,,荷蘭ROYAL GREEN椰子花蜜糖
FRIEND03,8853445000799,,蛋卷（香蕉）
FRIEND01,8853445000768,8853445000768,蛋卷（原味）
FRIEND02,8853445000829,,蛋卷（粟米）
FRIEND02A,,,蛋卷（粟米）-獨立包裝
0001020,4025515211006,21UY85723,袋裝式助聽器(西門子)
LCL8004,,,袋裝芝麻粉
0000255,000190,,袋鼠牌暖貼 (每包10個)
0001002,4710958593443,,軟式頸托 中碼
0000149,4710958593467,,"軟式頸扥 丰Foam Cervical collar, L size"
0000148,000106,,"軟式頸扥 丰Foam Cervical collar, medium size"
0000271,000199,,透氣乒乓球約束手套
CH05120053,4897012640821,,通粉（500g）
32190496,,,速登大豆卵磷脂
32191639,4711601970925,,野菜糙米粥(10入)
4713327001686,4713327001686,,陳年香柚茶
32110081,4715351601108,,陳年醋
35010029,,,陳年薄荷油
0000074,000047,,雀巢Compleat Chicken (雞味) 250ml ($375/箱/24 罐)
M237,,,雀巢天源素Compleat237ml（CHICKEN)
M2018,,,雀巢糖愈適
TEAM-SNL020,4712905016074,,雪之戀和風和風大福-黑糖
TEAM-SNL021,4712905016043,,雪之戀和風芝麻大幅
TEAM-SNL022,4712905016050,,雪之戀和風紅豆大幅
TEAM-SNL081,4713072172815,,雪之戀原味蛋卷
0000111,000078,,雪花霜—滋潤乾燥皮膚
QV-011707,9314839010477,9314839010477,雪花霜—滋潤乾燥皮膚100ml
QV-011708,9314839010460,9314839010460,雪花霜—滋潤乾燥皮膚Q.V.Cream -250g
QV-011709,9314839010453,9314839000997,雪花霜—滋潤乾燥皮膚Q.V.Cream -500g
32140392,,,雪蓮子麵筋
KAMKEE01,6901007037027,,麥芽糖
CAKE01,,,麥芽糖餅
32040609,4710879003199,,麥麩蘇打餅 400g
32052565,,,麥蘆卡13+蜂蜜喉糖(原味)
32052589,,,麥蘆卡13+蜂蜜喉糖(薑及紫錐花味)
32052572,,,麥蘆卡13+蜂蜜喉糖(檸檬蜂蜜味)
32021097,,,麻油當歸細麵(8入)
TEAM-EXC081,4710783001137,,麻油腐乳130g
4710783053150,,,麻油腐乳-300g
32110012,,,麻辣包
NSF20,4712417852351,4712417852351,麻鑽農坊牛蒡片300g
32041354,4711202220252,,傘餅
OFBC001A,,,喂食用奶樽接駁喉
OFBC001,,,喂食用奶樽駁喉
OFARM1452,,,喜馬拉雅山岩鹽150g
MS5620,AD5620,,單色4X7日28格藥盒
32140088,,,壺底豆鼓
M0300,300089266022,,惠氏倍力加
CH0035,8801105906592,,提子椰果汁
S0010,,,換購禮品（10元）
S0015,,,換購禮品（15元）
S0020,,,換購禮品（20元）
S0005,,,換購禮品（5元）
32120011,,,晶冰糖1公斤
MS0002,000088,,智能響鬧提示藥盒
0000130,000089,,智能響鬧提示藥盒(買10送1)
4710783063050,4710783063050,,朝天辣椒王
ML03,4891094972023,4891094972023,植物活力液
32190397,,,植物燕麥奶
JSM-SIN-CF005,,,減壓坐墊
MOON2014,,,無花果月餅（獨立裝）
4713282763230,4713282763230,,無花果乾
0000146,000104,,無背鋁質浴椅
0001001,,,無背鋁質浴椅(可調較高度)
35020097,,,無患子多用途清潔液
35010364,,,無患子洗髮乳
35010357,,,無患子蜂膠潔牙液
JSM-7105,,,無菌不織布紗布片
JSM902,,,無菌厚墊敷料
JSM-100022,,,無菌敷料包
HOME02,,,無鉛皮蛋
OFARM1791,4897014725854,,無糖小紅莓養生餅120g
OFARM1811,4897014725847,,無糖杏仁養生餅120g
OFARM1801,4897014725830,,無糖南瓜子養生餅
LCL1003,9555118727208,,無糖納豆紅菊餅
LCL1004,4897043099599,,無糖蕎麥梳打餅
LCL1004A,,,無糖蕎麥蘇打餅（獨立包裝）
LCL1005,4897043099582,,無糖螺旋藻梳打餅
LCL1005A,,,無糖螺旋藻蘇打餅（獨立包裝）
LCL904,4897043099247,4897043099247,猴頭菇餅
4713327297577,4713327297577,,琦家山藥玉米濃湯盒裝
4713327184013,4713327184013,,琦家山藥卷盒裝
4713327161625,4713327161625,,琦家山藥益力素
4713327273632,4713327273632,,琦家山藥養生濃湯盒裝
4713327246445,4713327246445,,琦家山藥養生燕麥粉盒裝
4713327124095,4713327124095,,琦家山藥養生薏仁粉400g
4713327183993,4713327183993,,琦家山藥養生薏仁粉盒裝
LCL0048,9557615846598,9557615846598,番薯餅
LCL0048A,00048,,番薯餅（獨立包裝2包裝）
0000277,000205,,短扶手，座寬41CM 座高47CM
GT003,6928740700124,,筒裝蘋果乾 50g
FRIEND05,8994075260532,,粟米棒（芝士）
FRIEND04,8994075260488,,粟米棒（原味）
32055719,4710728202230,,紫米黑芝麻球
MC00929,000097,,紫花紋
4897030020018,4897030020018,4897030020018,紫無花果月餅（原味）
LCL00030,,,紫菜
4710960912270,4710960912270,,紫薯酵母（10小包）
4710960762271,4710960762271,4710960762271,紫薯酵母（獨立小包）
M0003,8712405554558,,腎怡康Renilon4.0(24/箱）
32180084,4710696930982,,菊花茶
32055757,4712052011885,,菜脯餅
8858945200052,,,菠蘿乾
CRCC-0422,722302000422,,華潤堂九製陳皮喉糖
CRCC-00001380,611900001380,,華潤堂牛蒡茶5克X15包
CRCC-20251,602101020251,,華潤堂加拿大花旗蔘片80克
CRCC-2434,622310002434,,華潤堂半枝蓮蛇舌草精454g
CRCC-0484,722302000484,,華潤堂竹鹽潤喉糖
CRCC-0058,604601000058,,華潤堂杞子180克
CRCC-1414,611900001414,,華潤堂昆侖雪菊1.5克X25包
CRCC-9159,609201009159,,華潤堂胎菊
CRCC-2417,622310002417,,華潤堂夏枯草精454g
CRCC-0060,6922195932444,,華潤堂夏桑菊沖劑10gX10袋
CRCC-0035,620611000035,,華潤堂雪耳球200g
CRCC-0800,611100000800,,華潤堂黑苦蕎麥茶3克X25包
CRCC-0041,604701000041,,華潤堂精選龍眼肉300g
CRCC-0419,6920760006668,,華潤堂蜜煉枇杷糖
CRCC-0162,620610000162,,華潤堂蟲草花（粗條）100g
OFARM0250,4719859746873,,超大葡萄乾
PT0001,833679000053,,超勁特靈平安膏
NICE02A,8938507849155,,越南有機椰青水
NICE03A,8938507849179,,越南有機椰青水1000ml
SEATC01,,,越南香米
SCETC,,,越南香米（試食裝）500g
KEN01,,,越南香米500g
0001013,9314839000934,,開水喉換扶手器
0000081,000053,,開瓶器
SIL003,4973430015752,,開瓶器
4710960911129,4710960911129,,黃金地瓜糙米（8小包）
4710960761120,4710960761120,,黃金地瓜糙米（獨立小包）
4713282760994,4713282760994,4713282760994,黃金百杏茶（獨立包裝）
4713435204016,4713435204016,,黃金蕎麥五穀棒（亞麻籽）
4713435203996,4713435203996,,黃金蕎麥五穀棒（南瓜）
4713435204009,4713435204009,,黃金蕎麥五穀棒（海苔）
4715409960287,4715409960287,4715409960287,黃金蕎麥茶
4715409960737,4715409960737,,黃金韃靼面白鳳豆拌面（260g）
4715409960751,4715409960751,,黃金韃靼香菇拌面（260g）
4710960912188,4710960912188,4710960912188,黑五穀豆漿（12小包）
4710960762189,4710960762189,4710960762189,黑五穀豆漿（獨立小包）
4711863783592,4711863783592,,黑木耳玉露
32150018,,,黑木耳乾
LCL0008,,,黑谷粉
LCL1006,,,黑豆粉
32190137,2717162128166,,黑豆粉ORGANIC
LCL0091,4712067896576,,黑豆黑芝麻奶粉
4710960911198,4710960911198,4710960911198,黑豆轂粉
4710960761199,4710960761199,4710960761199,黑豆轂粉（獨立小包）
32190106,4710425200393,,黑芝麻粉
4710960882047,4710960882047,,黑芝麻粉
32050035,4710944890266,,黑芝麻脆片
32070026,,,黑芝麻粒
32053999,4712967085469,,黑芝麻軟糖
4713435201268,4713435201268,,黑芝麻糕（原味）
4713435201282,4713435201282,,黑芝麻糕（黑豆）
4710960762264,4710960762264,4710960762264,黑芝麻糙米燕麥
4710960912263,4710960912263,4710960912263,黑芝麻糙米燕麥（12小包）
32110579,4710425200164,,黑芝麻醬
32052749,4716779890020,,黑金剛花生
TEAM-BLA001,4530566001112,,黑金剛花生
FHW-1120(BWB)-01,,,黑架黑布大轆輪椅
F06,,,黑糖冬瓜茶
FD10,4715302710927,,黑糖冬瓜茶
LCL2008,4712774113836,4712774113836,黑糖四物轉
4710960778074,4710960778074,4710960778074,黑糖老薑茶（18包）
4710960768075,4710960768075,4710960768075,黑糖老薑茶（獨立小包）
32050493,4711202221693,,黑糖沙琪瑪(無蛋)
32050059,2716301200053,,黑糖果凍
FD05,4715302710965,,黑糖苦瓜茶
32050110,4719684369889,,黑糖梅
FD07,,,黑糖陳皮檸檬
0001127,4891690000625,,黑轂精華
0000078,PT-1,,傳話器 Kam Personal Talker Model PT-1
HE1066R,,,傾斜式鋁質沐浴便廁椅
4712417853556,,,圓片牛蒡茶
RT14210,RT14210,4716073814210,圓形坐墊
FL01,,,塑膠植物盆栽
4897048860293,4897048860293,4897048860293,奧地利有機果汁（紅菜頭）
4897048860316,4897048860316,4897048860316,奧地利有機果汁（紅菜頭+蘋果）
4897048860309,4897048860309,4897048860309,奧地利有機果汁（紅蘿蔔）
8007255060058,8007255060058,,意大利幼意大利粉
8007255060980,8007255060980,,意大利尖通粉
GBF-IT6301,8021115290232,,意大利有機牛肝菌蕃茄醬
32061391,,,意大利有機黃金葡萄乾250g
32061390,8003144016793,,意大利有機葡萄乾
GBF-IT6311,8021115290348,,意大利有機辣椒蕃茄醬
GBF-IT6312,8021115290218,,意大利有機羅勒蕃茄醬
8007255130980,8007255130980,8007255130980,意大利長通粉
8007255130058,8007255130065,,意大利粉
8007255060331,8007255060331,,意大利粉（500g）
8005305900385,8005305900385,8005305900385,意大利葡萄籽油（1000ML)贈品
8007255060850,8007255060850,8007255060850,意大利螺絲粉（500g）
SOUP02,,,愛心小熊肥皂（禮盒裝）
MM-ISOCAL,,,愛素寶ISOCAL(237ml）
APLUS01,,,慈善福袋
32021448,,,新竹米粉300克
32020182,4710766228810,,新竹米粉600g
4806506175084,4806506175084,,椰子油organic
8857121775544,8857121775544,,椰子油手作香皂（薄荷茶）
TA6035,,,椰子油手作香皂（薰衣草/綠茶蜜糖）
8857121775551,8857121775551,,椰子油手作香皂-香茅味
8857121775803,8857121775803,,椰子油手作香皂-原味
TA6039,,,椰子花蜜漿-禮盒裝-30gX3
32056358,4718018350234,,椰子酥150g
TB2018,,,椰子醬
NICE03,8938507849254,,椰奶
32110074,,,源和貴級油膏
QV-011749,9314839008450,9314839008450,溫和潔膚潤露 1L
QV-011762,9314839005060,,溫和潔膚潤露 Q.V.Gentle Wash 250ml
QV-011748,9314839004810,9314839008474,溫和潔膚潤露 Q.V.Gentle Wash 500ml
NICE01,,,滅蟲貼
4710627330140,4710627330140,,瑞特血糖測試片
4710627332151,4710627332151,,瑞特血糖測試片
0000097,000067,,瑞特血糖測試片25片（Rightest GS100)
0000094,000064,,瑞特血糖測試片50片（Rightest GS300)
0000093,000063,,瑞特血糖儀監測系統 (Rightest GM100)
0000096,000066,,瑞特血糖儀監測系統 (Rightest GM100)
0000095,000065,,瑞特採血針100支/盒
0000137,000095,,碎花紋
32130249,,,義式腰果鹹醬
20161224A,,,聖誕文具組合A1
20161224A2,,,聖誕文具組合A2
XMAX03,,,聖誕裝飾系列-文具1
XMAX04,,,聖誕裝飾系列-文具2
XMAX01,,,聖誕裝飾系列-木製聖誕樹
XMAX02,,,聖誕裝飾系列-聖誕卡
XMAS0001,,,聖誕樹(木製)
LCL6569,4712067896569,4712067896569,腰果核桃粉
OFARM1171,4897014722846,,腰果核桃粉400g
LCL2007,,,腰果粉
32054361,4710531201109,,腰果鹹醬夾心酥
MS-SC-WC20,,,腳部鍛鍊單車
WH-DH080324,,,腳部鍛鍊單車
0000121,000081,,腳跟修護膏 100g
0000120,9314839003264,,腳跟修護膏 50g
32052343,,,葡萄柚軟糖
4710783055024,SUN5024,,葡萄醋
LCL0044,,,葡萄糖胺燕麥奶
32240276,,,蜂花粉
32052374,4713327138320,,蜂蜜果凍條
32050127,,,蜂蜜青草喉糖
4713435206348,4713435206348,4713435206348,蜂膠枇杷潤喉糖
M0011,9556001125489,,補能素（箱）
M0001,8712400748209,,補能素Polycal(400G)
ECO-3006,,,運動襪
0000088,000059,,電子血壓計
0000089,000060,,電子血壓計（手腕型）
0001028,5060006580321,,電子血壓計（手腕型）
0001027,5060006580376,,電子血壓計（手臂型）
ORDER2129,,,電飯煲（愛心卡訂購貨品）
0000079,000051,,電話擴音器喇叭
RT00004A,RT00004A,8962300,電療止痛機配件
GARDEN01,089782016386,,嘉頓芝麻梳打餅
GARDEN003,,,嘉頓威化（小包裝）
GARDEN002,,,嘉頓時時食（小包裝）
NSF116,,,壽司醋
SSF02,087303857388,,壽星公面線
SSF503A,087303857272,,壽桃牌全蛋面
SUN02,4894338002012,4894338002012,壽桃牌江門米粉
SSF-101,,,壽桃牌長壽盒裝麵線
SSFA06,087303866311,087303866311,壽桃牌非油炸面6包裝
SSF6606,087303865970,,壽桃牌洛神花茶55g
SSF501,087303857265,,壽桃牌蝦子麵
SSF12,087303858415,087303858415,壽桃牌鮑魚面（12個裝）
SSF68115,087303865635,,壽桃黑豆茶55g
32040432,4715497210882,,寡糖餅乾 綜合穀片 108g
32040418,4712688799355,,寡糖餅乾─南瓜子 108g
32040425,4715497210875,,寡糖餅乾─蔓越莓 108g
32040531,4712688799362,,寡糖餅乾-胚芽蕎麥 108g
0001091,356168020360280,,實用手機
RS010F,,,摺合式助行架
GHSE205,6930502422205,6930502422205,碳之語炊飯碳
BAG-H2501,,,福字禮品袋（細）
PACK2017,,,福袋包裝費用
4713072500786,4713072500786,,福蔘寶（陳年柚子蔘）
BAG-H2525U,,,精美心型圖案福袋
BAG04,,,精美索繩袋（細）
BAG02,,,精美環保袋
PACKAGE01,,,精美環保袋（A4)
BAG-H3355,,,精美禮物袋（中）
PACK02,,,精美禮物籃連包裝彩帶（S)
BAG-H13811,,,精美禮品袋（大）
CRCC-0045,604201000045,,精選淮山250g
4710783059169,4710783059169,,精釀蜂蜜醋（600ml）
32054750,4712967083397,,綜合水果軟糖
32170078,4713318880962,,綜合海藻
4713282766828,4713282766828,,綜合堅果（袋）
32190038,,,綜合濃湯(以上4款湯，每款2包)
0002101,9314839000910,,綠豆
TX1380,,,綠茶薏仁糊
32021004,,,綠茶麵線
4710372950730,4710372950730,,綠話梅肉
GBF-CM3000,6935953593177,,綠糧莊有機牛肝菌
GBF-CM2520,6935953593047,,綠糧莊有機冬菇
GBF-CM2500,6935953593030,,綠糧莊有機冬菇(大)120g
GBF-CM2620,6935953593016,,綠糧莊有機冬菇片
GBF-CM2600,6935953593009,,綠糧莊有機冬菇片（大）
CU1300,4896953591612,,綠糧莊有機全麥烏冬
GBF-CM2000,6935953593108,6935953593108,綠糧莊有機花菇(大)
CU1200,4896953591629,,綠糧莊有機烏冬
GBF-CM2300,6935953593115,,綠糧莊有機童花菇
GBF-CM2800,6935953593405,,綠糧莊有機黑木耳
CU1100,4896953591681,,綠糧莊有機蕎麥麵
CU1400,4896953591636,,綠糧莊有機糙米烏冬
CU1800,4896953591858,,綠糧莊有機麵全盒裝
VITA01,,,維他Q版朱古力奶125ml
DR0002,4891028164395,,維他奶
VITA002,4891028165040,,維他純蒸餾水
DR0001,4891028164449,,維他菊花茶
OD1001,,,維達10卷
M00030,,,維諾金裝鈣骨補
100010020,,,臺灣中興米（試食贈品）
4714250009220,4714250009220,,臺灣府城擔仔面
SUN01,,,臺灣香米（1KG)
4714250009237,4714250009237,,臺灣臺南關廟面
NSF201602,,,蒜蓉
4710783063067,4710783063067,,蒜蓉朝天辣椒110g
0001103,4891690000604,,輕按式7格藥盒
0001103N,4891690000604N,,輕按式7格藥盒(N)
4713282763216,4713282763216,,輕烘焙8珍堅果（袋裝）
32110289,4710125010261,,辣豆瓣醬
32110364,,,辣味梅子醬 (微辣）
IMP07,4895158005580,,遠年陳皮3兩/包
IBN08,,,遠年陳皮4兩裝
0000158,000112,,"遠紅外線足踝護套 Multi-Ceramic Ankle Support, Extra Large Si"
0000156,000110,,"遠紅外線足踝護套 Multi-Ceramic Ankle Support, Large Size"
0000157,000111,,"遠紅外線足踝護套 Multi-Ceramic Ankle Support, Medium Size"
ECO-3002,,,遠紅外線枕巾
ECO-3007,,,遠紅外線護腕
0000155,4710958593733,,"遠紅外線護膝 Multi-Ceramic Knee Support, Large Size"
0000154,4710958593726,,"遠紅外線護膝 Multi-Ceramic Knee Support, Medium Size"
0000153,000108,,"遠紅外線護膝 Multi-Ceramic Knee Support, Small Size"
00001566,4710958593740,,"遠紅外線護膝 Multi-Ceramic Knee Support, X Large Size"
32022445,4710589440604,,酸辣麵
NK002,6933556810066,,銀耳
32190373,,,銅鑼杭菊
32054408,4712967083243,,鳳梨水果軟糖
32051544,4712967082765,,鳳梨軟糖
4711402035038,4711402035038,,鳳梨酥
32030020,4711202222218,,鳳梨酥 (鴻福)
32990423,4711202223376,,鳳梨酥禮盒
32180060,,,鳳梨醋
32052657,4712967082239,,鳳梨鮮果乾
GBF-ME1382,7503021714268,,墨西哥有機蜜糖560g
ECO107,4897040130653,,廚房消毒濕紙巾
4714981110035,4714981110035,,彈力多皮蛋（贈品）
32100273,4005009001849,,德國有機亞麻仁油(智慧有機體)
32210019,,,德國啤酒酵母粉
NS-HEM-6200,4975479494390,4975479494390,歐姆龍OMRON手腕式血壓計
NS-HEM-7200,4975479494420,4975479494420,歐姆龍OMRON全自動手臂式電子血壓計
NS-JPN500,4975479496011,,歐姆龍OMRON全自動手臂式電子血壓計JPN500(附贈品）
HEM-6131,4975479495175,4975479495175,歐姆龍手腕式血壓計6131
HEM-7121,4975479495274,4975479495274,歐姆龍手臂式血壓計7121(會員特價）
HEM-7130,4975479495250,4975479495250,歐姆龍手臂式血壓計7130
0001038,9314839000171,,潔膚皂 Q.V. Bar 100g
0000112,000079,,潔膚潤露
0000113,9314839001789,,潔膚潤露
0001035,9314839000218,,潔膚潤露 Q.V.Wash - 250ml
QV-011717,9314839010446,,潔膚露(1000ML)
NSF1002A,4897025020184,,潤志極品干貝醬（辣）
NSF1002,4897025020283,4897025020177,潤志極品乾貝醬
NSF1003,4897025020306,,潤志辣椒醬
0000107,000075,,潤唇油 15g
QV-011716,93530811,93530811,潤唇油 Q.V.Lip Balm 15g
0001031,9314839000157,,潤膚浴油 1L
0000108,000076,,潤膚浴油—嬰兒、成人合用
0000109,000077,,潤膚浴油—嬰兒、成人合用
0001032,9314839000126,,潤膚浴油—嬰兒、成人合用Bath Oil- 250 ml
4714250009244,4714250009244,,稻森-台灣苗粟花辦面-400g
0001007,603865018854,,"練力蛋,軟(橙色)"
0001006,603865018847,,"練力蛋,極軟(淺橙色)"
03401,03401,,練力膠(軟度)
03400,03400,,練力膠(超軟度)
7000015,9556001125486,,膠原蛋白有機燕麥奶
LCL0031,,4711601990367,膠原蛋白有機燕麥奶
GHSE2002,,,蓮蓉粽
4710960762035,4710960762035,4710960762035,蓮藕芝麻（獨立小包）
4710960912034,4710960912034,,蓮藕芝麻糊
32020236,4710589440505,,蔬菜拉麵
LCL900A,,,蔬菜餅 (獨立包裝)
LCL00044,,,蔬菜餅（小包）
8007255112016,8007255112016,8007255112016,蝴蝶粉
32140132,,,調味便當菜 (微辣）
32054415,4717677780819,,養生十轂牛扎糖
OFARM391,4719859743223,,養生綜合堅果300g
IBN01,,,養生薈有機黃金亞麻籽
IMP01,4895158006709,,養生薈有機黃金亞麻籽454g
IBN28,4895158003586,,養生薈特粗蟲草花50g
JSM-1071,,,澳洲SAGE敷料包
32110906,4712511470826,,澳洲天然湖鹽 (簡單生活)
OFARM2621,,,澳洲卡卡杜梅羊奶皂
OFARM1341,4897014724475,,澳洲有機湖鹽
OFARM2651,,,澳洲玫瑰油精華羊脂護膚霜
OFARM2631,,,澳洲袋鼠果羊奶皂
LCL0026,4711601950262,,澳洲頂級大燕麥片
ME0612,7503011913329,,燕麥-加楓葉糖漿及龍舌蘭蜜糖
0003010,4711601960018,,燕麥麩粒
LCL2001,,,燕麥麩精華
4710960911273,4710960911273,4710960911273,燕麥糙米豆漿（12小包）
4710960761274,4710960761274,4710960761274,燕麥糙米豆漿（獨立小包）
4711140810089,4711140810089,4711140810089,燕窩雪蛤露（6支）
35010654,4710942014046,4710942103207,糖蜜手工皂
32020243,4710589440468,,蕃茄拉麵
32052428,,,蕃茄軟糖
32110302,,,蕃茄義大利麵醬
32190021,,,蕃茄酸辣湯
32021011,,,蕃薯粉
OFARM201908,4897014724710,,蕃薯乾
32090031,,,龍口小寬粉
32090024,,,龍口細粉(冬粉)
32060119,,,龍眼肉
32240016,4713327006193,,龍眼蜂蜜800毫升
TX5030,8856977002620,,優質天然小麥胚芽
TC143467,4890008143467,,優質獨立包裝小童口罩
4890008080137,4890008080137,,優質獨立包裝幼童口罩
ABG9005,4890008589005,,優質獨立包裝成人口罩
4890008589005A,,,優質獨立包裝成人口罩（獨立包裝）
M0009,070074102696,,營養腎奶SUPLENA(237ML)
ML02,4891094208009,4891094208009,環保天然有機肥100g
GIFT201702,,,環保木顏色筆12色
GW002,4891690000626,,環保肥皂（綠慧公社）
GW1125,4891690000624,,環保洗手液
LRML01,,,環保香橙肥皂
GREENSPARK-03,,,環保記事簿
SERVISE02,,,環保清潔服務
GW-1200,,,環保清潔液（500ml)
BYOB01,,,環保清潔液（地板）
BYOB02,,,環保清潔液（廚房）
0001201,,,環保清潔液5公升
PAN201602,,,環保筆（水筆）
PAN201601,,,環保熒光筆
32050103,4710664100959,,糙米米果 300g
32050097,4710664100966,,糙米米果 60g
4710960762288,4710960762288,,糙米豆漿
32190472,,,糙米味噌湯
LCL0002,9556001125502,,糙米餅
4710960912287,4710960912287,4710960912287,糙米麩豆漿（10小包）
GBF-TM2087,8851876105649,,糙米縲絲粉
32051476,4710425200201,,糙米薏仁酥
0000085,8300961564361,,糠尿護足襪 (甲殼)
0000086,000057,,糠尿護足襪 (銀離子)
35010227,4710942010482,4710942103177,薄荷皂
4710960882078,4710960882078,,薏仁粉
FD08,,,薑母茶3粒裝
0001118,4891690000617,,薑汁黑糖
LCL903,,,薑汁黑糖塊（紅棗桂圓老薑）
32100822,4713327322392,,薑油
LCL0045,,,薯仔湯
LCL0022,,4711601259877,螺旋藻高鈣燕麥奶
4897012640784,4897012640784,,螺絲粉
8007255130850,8007255130850,8007255130850,螺絲粉（1kg）
JSM-WA-UEZ-020,,,購物車助行車
TEAM-GRA005,4714425022603,,轂堡五穀米1000g
8007255160031,8007255160031,8007255160031,闊蛋面（250g）
32240092,,,檸檬梅醋
PACKING2017,,,禮物包裝及送貨
LU01,,,禮物袋
P01,,,禮物袋
0001083,354318031186321,,簡易手機
0000030,000019,,藍色間條旅行裝毛毯
32130065,4710383001698,,藍梅果醬260g
4710690301333,4710690301333,,藍莓枸杞燕麥粥
4710960301333,4710960301333,4710960301333,藍莓枸杞燕麥粥
GE-HFM5016PAA,4891690001127,,藍雀 (獨立式口罩)
GE-HFM5016PA,,,藍雀 (獨立式口罩)X50PCS
GE-HFM5016,4891690001004,,藍雀口罩x50pcs
GE0001,4891690000601,,藍雀多功能體溫計
GE0002,000062,,藍雀潔膚柔濕巾
GE-HYG5065,4891690001387,,藍雀潔膚柔濕巾XL
32240207,,,藍藻粉
32240191,,,藍藻錠
OFARM2001,4712176746311,,豐味蘇打餅-薑黃彩虹藜麥
JSM001,,,醫生手套（JSM)
INNO-2017,,,雙面彩色燙畫拉鏈帆布袋
GT06937,8858358006937,,雜菜片
ECO-3005,,,離子護手肘
4710960735282,,,爆米香（咖啡）
4710960735268,,,爆米香（麥香）
4710960735275,,,爆米香（蔓越莓）
4710960735817,,,爆米香（醬油）
4710960755525,4710960755525,4710960755525,爆米香112g（抹茶）
4710960755815,4710960755815,4710960755815,爆米香112g（黑豆醬油）
4710960755532,4710960755532,4710960755532,爆米香112g（鳳梨）
4710960755426,4710960755426,4710960755426,爆米香112g（蔓越莓）
CORN02,,,爆轂
OFARM-2071,4710445342028,,藜麥好棒-原味150g
ID-MB003,MB003,,藥丸分割器
MC-PB128,9556001125496,,藥丸磨連藥盒(健源）
RG003A,,,麗盈天然染髮劑-3
RG005,,,麗盈天然染髮劑-5
RG006.35,8710267120053,,麗盈天然染髮劑-6.35
RG008,8710267120084,,麗盈天然染髮劑-中啡色4
RG009,8710267120077,,麗盈天然染髮劑-朱古力啡色5.35
RG007,8710267120107,,麗盈天然染髮劑-紅褐色4.56
RG011,,,麗盈天然染髮劑-栗子色6.35
RG006,8710267120091,,麗盈天然染髮劑-啡紅色4.03
RG012,8710267120046,,麗盈天然染髮劑-深金色6
RG003,8710267120114,,麗盈天然染髮劑-深啡色 3
RG0010,8710267120060,,麗盈天然染髮劑-淺啡色5
RG004,8710267120121,,麗盈天然染髮劑-黑色 1
NSF1004,,,寶礦力
35010289,,,蘆薈手工皂
RT-000000017,RT-000000017,000147,蘆薈止痛膏
0000201N,000147N,,蘆薈止痛膏(N)
T010,,,蘆薈花茶包
T004,4897047950124,,蘆薈茶包
T-F007,,,蘆薈麵
35020073,,,蘇達洗潔粉
35020080,,,蘇達洗潔粉補充包
GT001,6928740700018,,蘋果乾 10g
GT002,6928740700025,,蘋果乾 22g
GT01374,6928740701374,,蘋果乾 22g 雜味套裝
01367,6928740701367,,蘋果醋
32020205,4712060100236,,麵線450G
LCL2004,,,蘭香子
WH0004,4897002230209,,護理寶床墊紙 23X36 (10片裝)
0000265,000195,,"護理寶酒精消毒紙(200片)1.5""X2.5""                            "
WH-K00027,4897002233798,4897002233798,護理寶蘆薈紙巾200x230MM
MS0009,4710958592040,,護腕 Coolmax Wrist Support
SP-6126,4710958596192,,魔術貼護膝 XL
SP-6127,4710958596086,,魔術貼護膝 XXL
SP-6125,4710958596185,,魔術貼護膝L
4710783055192,4710783055192,,戀愛蘋果醋600ml/支
LCL0010,4711601991487,4711601991487,纖維粉
32210026,,,鷹記維他啤酒酵母薄片
4713282766866,4713282766866,4713282766866,鹽烤腰果仁
IPN04,,,鹽焗腰果仁200g
